{
	"credit": "Made with Blockbench",
	"textures": {
		"0": "ender/eye_of_ender",
		"1": "ender/eye_overlay",
		"particle": "ender/eye_of_ender"
	},
	"elements": [
		{
			"name": "overlay",
			"from": [8.5, 0, 8.5],
			"to": [13.5, 5, 13.5],
			"rotation": {"angle": 0, "axis": "y", "origin": [11, 2.5, 11]},
			"faces": {
				"north": {"uv": [0, 0, 5, 5], "texture": "#1"},
				"east": {"uv": [0, 5, 5, 10], "texture": "#1"},
				"south": {"uv": [0, 5, 5, 10], "texture": "#1"},
				"west": {"uv": [0, 5, 5, 10], "texture": "#1"},
				"up": {"uv": [5, 10, 0, 5], "texture": "#1"},
				"down": {"uv": [5, 5, 0, 10], "texture": "#1"}
			}
		},
		{
			"name": "core",
			"from": [9, 0.5, 9],
			"to": [13, 4.5, 13],
			"rotation": {"angle": 0, "axis": "y", "origin": [11, 2.5, 11]},
			"faces": {
				"north": {"uv": [0, 0, 4, 4], "texture": "#0"},
				"east": {"uv": [0, 4, 4, 8], "texture": "#0"},
				"south": {"uv": [0, 4, 4, 8], "texture": "#0"},
				"west": {"uv": [0, 4, 4, 8], "texture": "#0"},
				"up": {"uv": [4, 8, 0, 4], "texture": "#0"},
				"down": {"uv": [4, 4, 0, 8], "texture": "#0"}
			}
		},
		{
			"name": "overlay",
			"from": [2.5, 0, 8.5],
			"to": [7.5, 5, 13.5],
			"rotation": {"angle": 0, "axis": "y", "origin": [5, 2.5, 11]},
			"faces": {
				"north": {"uv": [0, 5, 5, 10], "texture": "#1"},
				"east": {"uv": [0, 5, 5, 10], "texture": "#1"},
				"south": {"uv": [0, 5, 5, 10], "texture": "#1"},
				"west": {"uv": [0, 0, 5, 5], "texture": "#1"},
				"up": {"uv": [5, 10, 0, 5], "rotation": 270, "texture": "#1"},
				"down": {"uv": [5, 5, 0, 10], "rotation": 90, "texture": "#1"}
			}
		},
		{
			"name": "core",
			"from": [3, 0.5, 9],
			"to": [7, 4.5, 13],
			"rotation": {"angle": 0, "axis": "y", "origin": [5, 2.5, 11]},
			"faces": {
				"north": {"uv": [0, 4, 4, 8], "texture": "#0"},
				"east": {"uv": [0, 4, 4, 8], "texture": "#0"},
				"south": {"uv": [0, 4, 4, 8], "texture": "#0"},
				"west": {"uv": [0, 0, 4, 4], "texture": "#0"},
				"up": {"uv": [4, 8, 0, 4], "rotation": 270, "texture": "#0"},
				"down": {"uv": [4, 4, 0, 8], "rotation": 90, "texture": "#0"}
			}
		},
		{
			"name": "overlay",
			"from": [8.5, 0, 2.5],
			"to": [13.5, 5, 7.5],
			"rotation": {"angle": 0, "axis": "y", "origin": [11, 2.5, 5]},
			"faces": {
				"north": {"uv": [0, 5, 5, 10], "texture": "#1"},
				"east": {"uv": [0, 0, 5, 5], "texture": "#1"},
				"south": {"uv": [0, 5, 5, 10], "texture": "#1"},
				"west": {"uv": [0, 5, 5, 10], "texture": "#1"},
				"up": {"uv": [5, 10, 0, 5], "rotation": 90, "texture": "#1"},
				"down": {"uv": [5, 5, 0, 10], "rotation": 270, "texture": "#1"}
			}
		},
		{
			"name": "core",
			"from": [9, 0.5, 3],
			"to": [13, 4.5, 7],
			"rotation": {"angle": 0, "axis": "y", "origin": [11, 2.5, 5]},
			"faces": {
				"north": {"uv": [0, 4, 4, 8], "texture": "#0"},
				"east": {"uv": [0, 0, 4, 4], "texture": "#0"},
				"south": {"uv": [0, 4, 4, 8], "texture": "#0"},
				"west": {"uv": [0, 4, 4, 8], "texture": "#0"},
				"up": {"uv": [4, 8, 0, 4], "rotation": 90, "texture": "#0"},
				"down": {"uv": [4, 4, 0, 8], "rotation": 270, "texture": "#0"}
			}
		},
		{
			"name": "overlay",
			"from": [2.5, 0, 2.5],
			"to": [7.5, 5, 7.5],
			"rotation": {"angle": 0, "axis": "y", "origin": [5, 2.5, 5]},
			"faces": {
				"north": {"uv": [0, 5, 5, 10], "texture": "#1"},
				"east": {"uv": [0, 5, 5, 10], "texture": "#1"},
				"south": {"uv": [0, 0, 5, 5], "texture": "#1"},
				"west": {"uv": [0, 5, 5, 10], "texture": "#1"},
				"up": {"uv": [5, 10, 0, 5], "rotation": 180, "texture": "#1"},
				"down": {"uv": [5, 5, 0, 10], "rotation": 180, "texture": "#1"}
			}
		},
		{
			"name": "core",
			"from": [3, 0.5, 3],
			"to": [7, 4.5, 7],
			"rotation": {"angle": 0, "axis": "y", "origin": [5, 2.5, 5]},
			"faces": {
				"north": {"uv": [0, 4, 4, 8], "texture": "#0"},
				"east": {"uv": [0, 4, 4, 8], "texture": "#0"},
				"south": {"uv": [0, 0, 4, 4], "texture": "#0"},
				"west": {"uv": [0, 4, 4, 8], "texture": "#0"},
				"up": {"uv": [4, 8, 0, 4], "rotation": 180, "texture": "#0"},
				"down": {"uv": [4, 4, 0, 8], "rotation": 180, "texture": "#0"}
			}
		}
	],
	"groups": [
		{
			"name": "eye",
			"origin": [6, 3, 6],
			"color": 0,
			"children": [0, 1]
		},
		{
			"name": "eye",
			"origin": [6, 3, 6],
			"color": 0,
			"children": [2, 3]
		},
		{
			"name": "eye",
			"origin": [6, 3, 6],
			"color": 0,
			"children": [4, 5]
		},
		{
			"name": "eye",
			"origin": [6, 3, 6],
			"color": 0,
			"children": [6, 7]
		}
	]
}