{
	"credit": "Made with Blockbench",
	"texture_size": [32, 32],
	"textures": {
		"0": "produce/golden_apple",
		"particle": "produce/golden_apple"
	},
	"elements": [
		{
			"from": [10.04289, 5, 4.83579],
			"to": [12.04289, 7, 4.83579],
			"rotation": {"angle": 45, "axis": "y", "origin": [10.75, 5, 5.25]},
			"faces": {
				"north": {"uv": [3, 5, 4, 6], "texture": "#0"},
				"east": {"uv": [0, 0, 0, 1], "texture": "#0"},
				"south": {"uv": [3, 5, 4, 6], "rotation": 90, "texture": "#0"},
				"west": {"uv": [0, 0, 0, 1], "texture": "#0"},
				"up": {"uv": [1, 0, 0, 0], "texture": "#0"},
				"down": {"uv": [1, 0, 0, 0], "texture": "#0"}
			}
		},
		{
			"from": [9.25, 0, 3.75],
			"to": [12.25, 4, 6.75],
			"rotation": {"angle": 0, "axis": "y", "origin": [10.75, 5, 5.25]},
			"faces": {
				"north": {"uv": [0, 4.5, 1.5, 6.5], "texture": "#0"},
				"east": {"uv": [0, 4.5, 1.5, 6.5], "texture": "#0"},
				"south": {"uv": [0, 4.5, 1.5, 6.5], "texture": "#0"},
				"west": {"uv": [0, 4.5, 1.5, 6.5], "texture": "#0"},
				"up": {"uv": [1.5, 8, 0, 6.5], "texture": "#0"},
				"down": {"uv": [8, 0, 6.5, 1.5], "texture": "#0"}
			}
		},
		{
			"from": [9.25, 1, 2.75],
			"to": [12.25, 4, 7.75],
			"rotation": {"angle": 0, "axis": "y", "origin": [10.75, 5, 5.25]},
			"faces": {
				"north": {"uv": [6.5, 1.5, 8, 3], "texture": "#0"},
				"east": {"uv": [0, 0, 2.5, 1.5], "texture": "#0"},
				"south": {"uv": [6.5, 1.5, 8, 3], "texture": "#0"},
				"west": {"uv": [0, 0, 2.5, 1.5], "texture": "#0"},
				"up": {"uv": [4, 2.5, 2.5, 0], "texture": "#0"},
				"down": {"uv": [4, 2.5, 2.5, 5], "texture": "#0"}
			}
		},
		{
			"from": [8.25, 1, 3.75],
			"to": [13.25, 4, 6.75],
			"rotation": {"angle": 0, "axis": "y", "origin": [10.75, 5, 5.25]},
			"faces": {
				"north": {"uv": [0, 0, 2.5, 1.5], "texture": "#0"},
				"east": {"uv": [6.5, 1.5, 8, 3], "texture": "#0"},
				"south": {"uv": [0, 0, 2.5, 1.5], "texture": "#0"},
				"west": {"uv": [6.5, 1.5, 8, 3], "texture": "#0"},
				"up": {"uv": [6.5, 3, 4, 1.5], "texture": "#0"},
				"down": {"uv": [6.5, 3, 4, 4.5], "texture": "#0"}
			}
		},
		{
			"from": [10.25, 4, 4.75],
			"to": [12.25, 5, 6.75],
			"rotation": {"angle": 0, "axis": "y", "origin": [10.75, 5, 5.25]},
			"faces": {
				"north": {"uv": [1.5, 4.5, 2.5, 5], "texture": "#0"},
				"east": {"uv": [0, 8, 1, 8.5], "texture": "#0"},
				"south": {"uv": [6, 7.5, 7, 8], "texture": "#0"},
				"west": {"uv": [0, 8, 1, 8.5], "texture": "#0"},
				"up": {"uv": [2.5, 8, 1.5, 7], "texture": "#0"},
				"down": {"uv": [8, 4.5, 7, 5.5], "texture": "#0"}
			}
		},
		{
			"from": [9.25, 4, 3.75],
			"to": [11.25, 5, 5.75],
			"rotation": {"angle": 0, "axis": "y", "origin": [10.75, 5, 5.25]},
			"faces": {
				"north": {"uv": [0, 8, 1, 8.5], "texture": "#0"},
				"east": {"uv": [0, 8, 1, 8.5], "texture": "#0"},
				"south": {"uv": [0, 8, 1, 8.5], "texture": "#0"},
				"west": {"uv": [0, 8, 1, 8.5], "texture": "#0"},
				"up": {"uv": [8, 6.5, 7, 5.5], "texture": "#0"},
				"down": {"uv": [8, 6.5, 7, 7.5], "texture": "#0"}
			}
		},
		{
			"from": [10.04289, 5, 10.33579],
			"to": [12.04289, 7, 10.33579],
			"rotation": {"angle": -45, "axis": "y", "origin": [10.75, 5, 10.75]},
			"faces": {
				"north": {"uv": [3, 5, 4, 6], "texture": "#0"},
				"east": {"uv": [0, 0, 0, 1], "texture": "#0"},
				"south": {"uv": [3, 5, 4, 6], "rotation": 90, "texture": "#0"},
				"west": {"uv": [0, 0, 0, 1], "texture": "#0"},
				"up": {"uv": [1, 0, 0, 0], "texture": "#0"},
				"down": {"uv": [1, 0, 0, 0], "texture": "#0"}
			}
		},
		{
			"from": [9.25, 0, 9.25],
			"to": [12.25, 4, 12.25],
			"rotation": {"angle": 0, "axis": "y", "origin": [10.75, 5, 10.75]},
			"faces": {
				"north": {"uv": [0, 4.5, 1.5, 6.5], "texture": "#0"},
				"east": {"uv": [0, 4.5, 1.5, 6.5], "texture": "#0"},
				"south": {"uv": [0, 4.5, 1.5, 6.5], "texture": "#0"},
				"west": {"uv": [0, 4.5, 1.5, 6.5], "texture": "#0"},
				"up": {"uv": [1.5, 8, 0, 6.5], "rotation": 90, "texture": "#0"},
				"down": {"uv": [8, 0, 6.5, 1.5], "rotation": 270, "texture": "#0"}
			}
		},
		{
			"from": [8.25, 1, 9.25],
			"to": [13.25, 4, 12.25],
			"rotation": {"angle": 0, "axis": "y", "origin": [10.75, 5, 10.75]},
			"faces": {
				"north": {"uv": [0, 0, 2.5, 1.5], "texture": "#0"},
				"east": {"uv": [6.5, 1.5, 8, 3], "texture": "#0"},
				"south": {"uv": [0, 0, 2.5, 1.5], "texture": "#0"},
				"west": {"uv": [6.5, 1.5, 8, 3], "texture": "#0"},
				"up": {"uv": [4, 2.5, 2.5, 0], "rotation": 90, "texture": "#0"},
				"down": {"uv": [4, 2.5, 2.5, 5], "rotation": 270, "texture": "#0"}
			}
		},
		{
			"from": [9.25, 1, 8.25],
			"to": [12.25, 4, 13.25],
			"rotation": {"angle": 0, "axis": "y", "origin": [10.75, 5, 10.75]},
			"faces": {
				"north": {"uv": [6.5, 1.5, 8, 3], "texture": "#0"},
				"east": {"uv": [0, 0, 2.5, 1.5], "texture": "#0"},
				"south": {"uv": [6.5, 1.5, 8, 3], "texture": "#0"},
				"west": {"uv": [0, 0, 2.5, 1.5], "texture": "#0"},
				"up": {"uv": [6.5, 3, 4, 1.5], "rotation": 90, "texture": "#0"},
				"down": {"uv": [6.5, 3, 4, 4.5], "rotation": 270, "texture": "#0"}
			}
		},
		{
			"from": [9.25, 4, 10.25],
			"to": [11.25, 5, 12.25],
			"rotation": {"angle": 0, "axis": "y", "origin": [10.75, 5, 10.75]},
			"faces": {
				"north": {"uv": [0, 8, 1, 8.5], "texture": "#0"},
				"east": {"uv": [1.5, 4.5, 2.5, 5], "texture": "#0"},
				"south": {"uv": [0, 8, 1, 8.5], "texture": "#0"},
				"west": {"uv": [6, 7.5, 7, 8], "texture": "#0"},
				"up": {"uv": [2.5, 8, 1.5, 7], "rotation": 90, "texture": "#0"},
				"down": {"uv": [8, 4.5, 7, 5.5], "rotation": 270, "texture": "#0"}
			}
		},
		{
			"from": [10.25, 4, 9.25],
			"to": [12.25, 5, 11.25],
			"rotation": {"angle": 0, "axis": "y", "origin": [10.75, 5, 10.75]},
			"faces": {
				"north": {"uv": [0, 8, 1, 8.5], "texture": "#0"},
				"east": {"uv": [0, 8, 1, 8.5], "texture": "#0"},
				"south": {"uv": [0, 8, 1, 8.5], "texture": "#0"},
				"west": {"uv": [0, 8, 1, 8.5], "texture": "#0"},
				"up": {"uv": [8, 6.5, 7, 5.5], "rotation": 90, "texture": "#0"},
				"down": {"uv": [8, 6.5, 7, 7.5], "rotation": 270, "texture": "#0"}
			}
		},
		{
			"from": [4.54289, 5, 10.33579],
			"to": [6.54289, 7, 10.33579],
			"rotation": {"angle": 45, "axis": "y", "origin": [5.25, 5, 10.75]},
			"faces": {
				"north": {"uv": [3, 5, 4, 6], "texture": "#0"},
				"east": {"uv": [0, 0, 0, 1], "texture": "#0"},
				"south": {"uv": [3, 5, 4, 6], "rotation": 90, "texture": "#0"},
				"west": {"uv": [0, 0, 0, 1], "texture": "#0"},
				"up": {"uv": [1, 0, 0, 0], "texture": "#0"},
				"down": {"uv": [1, 0, 0, 0], "texture": "#0"}
			}
		},
		{
			"from": [3.75, 0, 9.25],
			"to": [6.75, 4, 12.25],
			"rotation": {"angle": 0, "axis": "y", "origin": [5.25, 5, 10.75]},
			"faces": {
				"north": {"uv": [0, 4.5, 1.5, 6.5], "texture": "#0"},
				"east": {"uv": [0, 4.5, 1.5, 6.5], "texture": "#0"},
				"south": {"uv": [0, 4.5, 1.5, 6.5], "texture": "#0"},
				"west": {"uv": [0, 4.5, 1.5, 6.5], "texture": "#0"},
				"up": {"uv": [1.5, 8, 0, 6.5], "texture": "#0"},
				"down": {"uv": [8, 0, 6.5, 1.5], "texture": "#0"}
			}
		},
		{
			"from": [3.75, 1, 8.25],
			"to": [6.75, 4, 13.25],
			"rotation": {"angle": 0, "axis": "y", "origin": [5.25, 5, 10.75]},
			"faces": {
				"north": {"uv": [6.5, 1.5, 8, 3], "texture": "#0"},
				"east": {"uv": [0, 0, 2.5, 1.5], "texture": "#0"},
				"south": {"uv": [6.5, 1.5, 8, 3], "texture": "#0"},
				"west": {"uv": [0, 0, 2.5, 1.5], "texture": "#0"},
				"up": {"uv": [4, 2.5, 2.5, 0], "texture": "#0"},
				"down": {"uv": [4, 2.5, 2.5, 5], "texture": "#0"}
			}
		},
		{
			"from": [2.75, 1, 9.25],
			"to": [7.75, 4, 12.25],
			"rotation": {"angle": 0, "axis": "y", "origin": [5.25, 5, 10.75]},
			"faces": {
				"north": {"uv": [0, 0, 2.5, 1.5], "texture": "#0"},
				"east": {"uv": [6.5, 1.5, 8, 3], "texture": "#0"},
				"south": {"uv": [0, 0, 2.5, 1.5], "texture": "#0"},
				"west": {"uv": [6.5, 1.5, 8, 3], "texture": "#0"},
				"up": {"uv": [6.5, 3, 4, 1.5], "texture": "#0"},
				"down": {"uv": [6.5, 3, 4, 4.5], "texture": "#0"}
			}
		},
		{
			"from": [4.75, 4, 10.25],
			"to": [6.75, 5, 12.25],
			"rotation": {"angle": 0, "axis": "y", "origin": [5.25, 5, 10.75]},
			"faces": {
				"north": {"uv": [1.5, 4.5, 2.5, 5], "texture": "#0"},
				"east": {"uv": [0, 8, 1, 8.5], "texture": "#0"},
				"south": {"uv": [6, 7.5, 7, 8], "texture": "#0"},
				"west": {"uv": [0, 8, 1, 8.5], "texture": "#0"},
				"up": {"uv": [2.5, 8, 1.5, 7], "texture": "#0"},
				"down": {"uv": [8, 4.5, 7, 5.5], "texture": "#0"}
			}
		},
		{
			"from": [3.75, 4, 9.25],
			"to": [5.75, 5, 11.25],
			"rotation": {"angle": 0, "axis": "y", "origin": [5.25, 5, 10.75]},
			"faces": {
				"north": {"uv": [0, 8, 1, 8.5], "texture": "#0"},
				"east": {"uv": [0, 8, 1, 8.5], "texture": "#0"},
				"south": {"uv": [0, 8, 1, 8.5], "texture": "#0"},
				"west": {"uv": [0, 8, 1, 8.5], "texture": "#0"},
				"up": {"uv": [8, 6.5, 7, 5.5], "texture": "#0"},
				"down": {"uv": [8, 6.5, 7, 7.5], "texture": "#0"}
			}
		},
		{
			"from": [4.54289, 5, 4.83579],
			"to": [6.54289, 7, 4.83579],
			"rotation": {"angle": -45, "axis": "y", "origin": [5.25, 5, 5.25]},
			"faces": {
				"north": {"uv": [3, 5, 4, 6], "texture": "#0"},
				"east": {"uv": [0, 0, 0, 1], "texture": "#0"},
				"south": {"uv": [3, 5, 4, 6], "rotation": 90, "texture": "#0"},
				"west": {"uv": [0, 0, 0, 1], "texture": "#0"},
				"up": {"uv": [1, 0, 0, 0], "texture": "#0"},
				"down": {"uv": [1, 0, 0, 0], "texture": "#0"}
			}
		},
		{
			"from": [3.75, 0, 3.75],
			"to": [6.75, 4, 6.75],
			"rotation": {"angle": 0, "axis": "y", "origin": [5.25, 5, 5.25]},
			"faces": {
				"north": {"uv": [0, 4.5, 1.5, 6.5], "texture": "#0"},
				"east": {"uv": [0, 4.5, 1.5, 6.5], "texture": "#0"},
				"south": {"uv": [0, 4.5, 1.5, 6.5], "texture": "#0"},
				"west": {"uv": [0, 4.5, 1.5, 6.5], "texture": "#0"},
				"up": {"uv": [1.5, 8, 0, 6.5], "rotation": 90, "texture": "#0"},
				"down": {"uv": [8, 0, 6.5, 1.5], "rotation": 270, "texture": "#0"}
			}
		},
		{
			"from": [2.75, 1, 3.75],
			"to": [7.75, 4, 6.75],
			"rotation": {"angle": 0, "axis": "y", "origin": [5.25, 5, 5.25]},
			"faces": {
				"north": {"uv": [0, 0, 2.5, 1.5], "texture": "#0"},
				"east": {"uv": [6.5, 1.5, 8, 3], "texture": "#0"},
				"south": {"uv": [0, 0, 2.5, 1.5], "texture": "#0"},
				"west": {"uv": [6.5, 1.5, 8, 3], "texture": "#0"},
				"up": {"uv": [4, 2.5, 2.5, 0], "rotation": 90, "texture": "#0"},
				"down": {"uv": [4, 2.5, 2.5, 5], "rotation": 270, "texture": "#0"}
			}
		},
		{
			"from": [3.75, 1, 2.75],
			"to": [6.75, 4, 7.75],
			"rotation": {"angle": 0, "axis": "y", "origin": [5.25, 5, 5.25]},
			"faces": {
				"north": {"uv": [6.5, 1.5, 8, 3], "texture": "#0"},
				"east": {"uv": [0, 0, 2.5, 1.5], "texture": "#0"},
				"south": {"uv": [6.5, 1.5, 8, 3], "texture": "#0"},
				"west": {"uv": [0, 0, 2.5, 1.5], "texture": "#0"},
				"up": {"uv": [6.5, 3, 4, 1.5], "rotation": 90, "texture": "#0"},
				"down": {"uv": [6.5, 3, 4, 4.5], "rotation": 270, "texture": "#0"}
			}
		},
		{
			"from": [3.75, 4, 4.75],
			"to": [5.75, 5, 6.75],
			"rotation": {"angle": 0, "axis": "y", "origin": [5.25, 5, 5.25]},
			"faces": {
				"north": {"uv": [0, 8, 1, 8.5], "texture": "#0"},
				"east": {"uv": [1.5, 4.5, 2.5, 5], "texture": "#0"},
				"south": {"uv": [0, 8, 1, 8.5], "texture": "#0"},
				"west": {"uv": [6, 7.5, 7, 8], "texture": "#0"},
				"up": {"uv": [2.5, 8, 1.5, 7], "rotation": 90, "texture": "#0"},
				"down": {"uv": [8, 4.5, 7, 5.5], "rotation": 270, "texture": "#0"}
			}
		},
		{
			"from": [4.75, 4, 3.75],
			"to": [6.75, 5, 5.75],
			"rotation": {"angle": 0, "axis": "y", "origin": [5.25, 5, 5.25]},
			"faces": {
				"north": {"uv": [0, 8, 1, 8.5], "texture": "#0"},
				"east": {"uv": [0, 8, 1, 8.5], "texture": "#0"},
				"south": {"uv": [0, 8, 1, 8.5], "texture": "#0"},
				"west": {"uv": [0, 8, 1, 8.5], "texture": "#0"},
				"up": {"uv": [8, 6.5, 7, 5.5], "rotation": 90, "texture": "#0"},
				"down": {"uv": [8, 6.5, 7, 7.5], "rotation": 270, "texture": "#0"}
			}
		}
	],
	"groups": [
		{
			"name": "golden_apple",
			"origin": [6, 4, 4],
			"color": 0,
			"children": [0, 1, 2, 3, 4, 5]
		},
		{
			"name": "golden_apple",
			"origin": [6, 4, 4],
			"color": 0,
			"children": [6, 7, 8, 9, 10, 11]
		},
		{
			"name": "golden_apple",
			"origin": [6, 4, 4],
			"color": 0,
			"children": [12, 13, 14, 15, 16, 17]
		},
		{
			"name": "golden_apple",
			"origin": [6, 4, 4],
			"color": 0,
			"children": [18, 19, 20, 21, 22, 23]
		}
	]
}