{
	"credit": "Made with Blockbench",
	"textures": {
		"0": "gems/diamond_3",
		"particle": "gems/diamond_3"
	},
	"elements": [
		{
			"name": "alt 3",
			"from": [7, 0, 7],
			"to": [10, 2, 9],
			"rotation": {"angle": 0, "axis": "y", "origin": [7, 0, 7]},
			"faces": {
				"north": {"uv": [0, 0, 3, 2], "texture": "#0"},
				"east": {"uv": [6, 3, 8, 5], "texture": "#0"},
				"south": {"uv": [0, 2, 3, 4], "texture": "#0"},
				"west": {"uv": [6, 5, 8, 7], "texture": "#0"},
				"up": {"uv": [6, 2, 3, 0], "texture": "#0"},
				"down": {"uv": [6, 2, 3, 4], "texture": "#0"}
			}
		},
		{
			"from": [7, 0, 7],
			"to": [9, 3, 9],
			"rotation": {"angle": 0, "axis": "y", "origin": [7, 0, 7]},
			"faces": {
				"north": {"uv": [0, 4, 2, 7], "texture": "#0"},
				"east": {"uv": [2, 4, 4, 7], "texture": "#0"},
				"south": {"uv": [4, 4, 6, 7], "texture": "#0"},
				"west": {"uv": [6, 0, 8, 3], "texture": "#0"},
				"up": {"uv": [2, 9, 0, 7], "texture": "#0"},
				"down": {"uv": [4, 7, 2, 9], "texture": "#0"}
			}
		}
	],
	"groups": [
		{
			"name": "Gem 3",
			"origin": [8, 8, 8],
			"color": 0,
			"children": [
				{
					"name": "alt 3",
					"origin": [7, 0, 7],
					"color": 0,
					"children": [0, 1]
				}
			]
		}
	]
}