{
	"credit": "Made with Blockbench",
	"texture_size": [32, 32],
	"textures": {
		"1": "produce/bread_1"
	},
	"elements": [
		{
			"from": [4, 0, 6],
			"to": [11, 2, 11],
			"rotation": {"angle": 0, "axis": "y", "origin": [4, 0, 6]},
			"faces": {
				"north": {"uv": [6, 2.5, 9.5, 3.5], "texture": "#1"},
				"east": {"uv": [2.5, 7, 5, 8], "texture": "#1"},
				"south": {"uv": [6, 2.5, 9.5, 3.5], "texture": "#1"},
				"west": {"uv": [2.5, 7, 5, 8], "texture": "#1"},
				"up": {"uv": [3.5, 2.5, 0, 0], "texture": "#1"},
				"down": {"uv": [3.5, 2.5, 0, 5], "texture": "#1"}
			}
		},
		{
			"from": [5, 2, 6],
			"to": [10, 3, 11],
			"rotation": {"angle": 0, "axis": "y", "origin": [5, 2, 6]},
			"faces": {
				"north": {"uv": [7.5, 7.5, 10, 8], "texture": "#1"},
				"east": {"uv": [7.5, 7.5, 10, 8], "texture": "#1"},
				"south": {"uv": [7.5, 7.5, 10, 8], "texture": "#1"},
				"west": {"uv": [7.5, 7.5, 10, 8], "texture": "#1"},
				"up": {"uv": [2.5, 7.5, 0, 5], "texture": "#1"},
				"down": {"uv": [8.5, 0, 6, 2.5], "texture": "#1"}
			}
		},
		{
			"from": [5, 0, 5],
			"to": [10, 2, 12],
			"rotation": {"angle": 0, "axis": "y", "origin": [6, 0, 5]},
			"faces": {
				"north": {"uv": [2.5, 7, 5, 8], "texture": "#1"},
				"east": {"uv": [6, 2.5, 9.5, 3.5], "texture": "#1"},
				"south": {"uv": [2.5, 7, 5, 8], "texture": "#1"},
				"west": {"uv": [6, 2.5, 9.5, 3.5], "texture": "#1"},
				"up": {"uv": [3.5, 2.5, 0, 0], "rotation": 90, "texture": "#1"},
				"down": {"uv": [0, 5, 3.5, 2.5], "rotation": 90, "texture": "#1"}
			}
		}
	],
	"groups": [
		{
			"name": "loaf",
			"origin": [6, 0, 5],
			"color": 0,
			"children": [0, 1, 2]
		}
	]
}