{
	"credit": "Made with Blockbench",
	"textures": {
		"3": "bones/ribs3d",
		"4": "bones/bone3d",
		"particle": "bones/spine"
	},
	"elements": [
		{
			"from": [6, 7, 3],
			"to": [7, 8, 6],
			"rotation": {"angle": -22.5, "axis": "y", "origin": [6, 1, 2]},
			"faces": {
				"north": {"uv": [7, 4, 8, 5], "rotation": 270, "texture": "#3"},
				"east": {"uv": [3, 7, 2, 4], "rotation": 90, "texture": "#3"},
				"south": {"uv": [7, 5, 8, 6], "rotation": 90, "texture": "#3"},
				"west": {"uv": [4, 4, 3, 7], "rotation": 90, "texture": "#3"},
				"up": {"uv": [2, 3, 5, 4], "rotation": 90, "texture": "#3"},
				"down": {"uv": [2, 2, 5, 3], "rotation": 90, "texture": "#3"}
			}
		},
		{
			"from": [6, 6, 2],
			"to": [7, 7, 4],
			"rotation": {"angle": -22.5, "axis": "y", "origin": [6, 1, 2]},
			"faces": {
				"north": {"uv": [6, 7, 7, 8], "rotation": 270, "texture": "#3"},
				"east": {"uv": [5, 6, 4, 4], "rotation": 90, "texture": "#3"},
				"south": {"uv": [7, 7, 8, 8], "rotation": 90, "texture": "#3"},
				"west": {"uv": [6, 2, 5, 4], "rotation": 90, "texture": "#3"},
				"up": {"uv": [4, 1, 6, 2], "rotation": 90, "texture": "#3"},
				"down": {"uv": [4, 0, 6, 1], "rotation": 90, "texture": "#3"}
			}
		},
		{
			"from": [6, 4, 2],
			"to": [7, 6, 3],
			"rotation": {"angle": -22.5, "axis": "y", "origin": [6, 1, 2]},
			"faces": {
				"north": {"uv": [5, 4, 7, 5], "rotation": 270, "texture": "#3"},
				"east": {"uv": [2, 7, 0, 6], "rotation": 90, "texture": "#3"},
				"south": {"uv": [5, 5, 7, 6], "rotation": 90, "texture": "#3"},
				"west": {"uv": [8, 0, 6, 1], "rotation": 90, "texture": "#3"},
				"up": {"uv": [8, 1, 9, 2], "rotation": 90, "texture": "#3"},
				"down": {"uv": [8, 0, 9, 1], "rotation": 90, "texture": "#3"}
			}
		},
		{
			"from": [6, 3, 2],
			"to": [7, 4, 4],
			"rotation": {"angle": -22.5, "axis": "y", "origin": [6, 1, 2]},
			"faces": {
				"north": {"uv": [2, 8, 3, 9], "rotation": 270, "texture": "#3"},
				"east": {"uv": [5, 8, 4, 6], "rotation": 90, "texture": "#3"},
				"south": {"uv": [8, 2, 9, 3], "rotation": 90, "texture": "#3"},
				"west": {"uv": [6, 6, 5, 8], "rotation": 90, "texture": "#3"},
				"up": {"uv": [6, 2, 8, 3], "rotation": 90, "texture": "#3"},
				"down": {"uv": [6, 1, 8, 2], "rotation": 90, "texture": "#3"}
			}
		},
		{
			"from": [6, 2, 3],
			"to": [7, 3, 5],
			"rotation": {"angle": -22.5, "axis": "y", "origin": [6, 1, 2]},
			"faces": {
				"north": {"uv": [3, 8, 4, 9], "rotation": 270, "texture": "#3"},
				"east": {"uv": [1, 9, 0, 7], "rotation": 90, "texture": "#3"},
				"south": {"uv": [8, 3, 9, 4], "rotation": 90, "texture": "#3"},
				"west": {"uv": [2, 7, 1, 9], "rotation": 90, "texture": "#3"},
				"up": {"uv": [6, 6, 8, 7], "rotation": 90, "texture": "#3"},
				"down": {"uv": [6, 3, 8, 4], "rotation": 90, "texture": "#3"}
			}
		},
		{
			"from": [6, 1, 3],
			"to": [7, 2, 7],
			"rotation": {"angle": -22.5, "axis": "y", "origin": [6, 1, 2]},
			"faces": {
				"north": {"uv": [2, 7, 3, 8], "rotation": 270, "texture": "#3"},
				"east": {"uv": [1, 6, 0, 2], "rotation": 90, "texture": "#3"},
				"south": {"uv": [3, 7, 4, 8], "rotation": 90, "texture": "#3"},
				"west": {"uv": [2, 2, 1, 6], "rotation": 90, "texture": "#3"},
				"up": {"uv": [0, 1, 4, 2], "rotation": 90, "texture": "#3"},
				"down": {"uv": [0, 0, 4, 1], "rotation": 90, "texture": "#3"}
			}
		},
		{
			"from": [6, 1, 8],
			"to": [7, 2, 12],
			"rotation": {"angle": -22.5, "axis": "y", "origin": [6, 1, 2]},
			"faces": {
				"north": {"uv": [3, 7, 4, 8], "rotation": 90, "texture": "#3"},
				"east": {"uv": [2, 2, 1, 6], "rotation": 90, "texture": "#3"},
				"south": {"uv": [2, 7, 3, 8], "rotation": 270, "texture": "#3"},
				"west": {"uv": [1, 6, 0, 2], "rotation": 90, "texture": "#3"},
				"up": {"uv": [0, 1, 4, 2], "rotation": 270, "texture": "#3"},
				"down": {"uv": [0, 0, 4, 1], "rotation": 270, "texture": "#3"}
			}
		},
		{
			"from": [6, 7, 9],
			"to": [7, 8, 12],
			"rotation": {"angle": -22.5, "axis": "y", "origin": [6, 1, 2]},
			"faces": {
				"north": {"uv": [7, 5, 8, 6], "rotation": 90, "texture": "#3"},
				"east": {"uv": [4, 4, 3, 7], "rotation": 90, "texture": "#3"},
				"south": {"uv": [7, 4, 8, 5], "rotation": 270, "texture": "#3"},
				"west": {"uv": [3, 7, 2, 4], "rotation": 90, "texture": "#3"},
				"up": {"uv": [2, 3, 5, 4], "rotation": 270, "texture": "#3"},
				"down": {"uv": [2, 2, 5, 3], "rotation": 270, "texture": "#3"}
			}
		},
		{
			"from": [6, 6, 11],
			"to": [7, 7, 13],
			"rotation": {"angle": -22.5, "axis": "y", "origin": [6, 1, 2]},
			"faces": {
				"north": {"uv": [7, 7, 8, 8], "rotation": 90, "texture": "#3"},
				"east": {"uv": [6, 2, 5, 4], "rotation": 90, "texture": "#3"},
				"south": {"uv": [6, 7, 7, 8], "rotation": 270, "texture": "#3"},
				"west": {"uv": [5, 6, 4, 4], "rotation": 90, "texture": "#3"},
				"up": {"uv": [4, 1, 6, 2], "rotation": 270, "texture": "#3"},
				"down": {"uv": [4, 0, 6, 1], "rotation": 270, "texture": "#3"}
			}
		},
		{
			"from": [6, 4, 12],
			"to": [7, 6, 13],
			"rotation": {"angle": -22.5, "axis": "y", "origin": [6, 1, 2]},
			"faces": {
				"north": {"uv": [5, 5, 7, 6], "rotation": 90, "texture": "#3"},
				"east": {"uv": [8, 0, 6, 1], "rotation": 90, "texture": "#3"},
				"south": {"uv": [5, 4, 7, 5], "rotation": 270, "texture": "#3"},
				"west": {"uv": [2, 7, 0, 6], "rotation": 90, "texture": "#3"},
				"up": {"uv": [8, 1, 9, 2], "rotation": 270, "texture": "#3"},
				"down": {"uv": [8, 0, 9, 1], "rotation": 270, "texture": "#3"}
			}
		},
		{
			"from": [6, 3, 11],
			"to": [7, 4, 13],
			"rotation": {"angle": -22.5, "axis": "y", "origin": [6, 1, 2]},
			"faces": {
				"north": {"uv": [8, 2, 9, 3], "rotation": 90, "texture": "#3"},
				"east": {"uv": [6, 6, 5, 8], "rotation": 90, "texture": "#3"},
				"south": {"uv": [2, 8, 3, 9], "rotation": 270, "texture": "#3"},
				"west": {"uv": [5, 8, 4, 6], "rotation": 90, "texture": "#3"},
				"up": {"uv": [6, 2, 8, 3], "rotation": 270, "texture": "#3"},
				"down": {"uv": [6, 1, 8, 2], "rotation": 270, "texture": "#3"}
			}
		},
		{
			"from": [6, 2, 10],
			"to": [7, 3, 12],
			"rotation": {"angle": -22.5, "axis": "y", "origin": [6, 1, 2]},
			"faces": {
				"north": {"uv": [8, 3, 9, 4], "rotation": 90, "texture": "#3"},
				"east": {"uv": [2, 7, 1, 9], "rotation": 90, "texture": "#3"},
				"south": {"uv": [3, 8, 4, 9], "rotation": 270, "texture": "#3"},
				"west": {"uv": [1, 9, 0, 7], "rotation": 90, "texture": "#3"},
				"up": {"uv": [6, 6, 8, 7], "rotation": 270, "texture": "#3"},
				"down": {"uv": [6, 3, 8, 4], "rotation": 270, "texture": "#3"}
			}
		},
		{
			"from": [12, 7, 5],
			"to": [13, 8, 8],
			"rotation": {"angle": -22.5, "axis": "y", "origin": [12, 1, 4]},
			"faces": {
				"north": {"uv": [7, 4, 8, 5], "rotation": 270, "texture": "#3"},
				"east": {"uv": [3, 7, 2, 4], "rotation": 90, "texture": "#3"},
				"south": {"uv": [7, 5, 8, 6], "rotation": 90, "texture": "#3"},
				"west": {"uv": [4, 4, 3, 7], "rotation": 90, "texture": "#3"},
				"up": {"uv": [2, 3, 5, 4], "rotation": 90, "texture": "#3"},
				"down": {"uv": [2, 2, 5, 3], "rotation": 90, "texture": "#3"}
			}
		},
		{
			"from": [12, 6, 4],
			"to": [13, 7, 6],
			"rotation": {"angle": -22.5, "axis": "y", "origin": [12, 1, 4]},
			"faces": {
				"north": {"uv": [6, 7, 7, 8], "rotation": 270, "texture": "#3"},
				"east": {"uv": [5, 6, 4, 4], "rotation": 90, "texture": "#3"},
				"south": {"uv": [7, 7, 8, 8], "rotation": 90, "texture": "#3"},
				"west": {"uv": [6, 2, 5, 4], "rotation": 90, "texture": "#3"},
				"up": {"uv": [4, 1, 6, 2], "rotation": 90, "texture": "#3"},
				"down": {"uv": [4, 0, 6, 1], "rotation": 90, "texture": "#3"}
			}
		},
		{
			"from": [12, 4, 4],
			"to": [13, 6, 5],
			"rotation": {"angle": -22.5, "axis": "y", "origin": [12, 1, 4]},
			"faces": {
				"north": {"uv": [5, 4, 7, 5], "rotation": 270, "texture": "#3"},
				"east": {"uv": [2, 7, 0, 6], "rotation": 90, "texture": "#3"},
				"south": {"uv": [5, 5, 7, 6], "rotation": 90, "texture": "#3"},
				"west": {"uv": [8, 0, 6, 1], "rotation": 90, "texture": "#3"},
				"up": {"uv": [8, 1, 9, 2], "rotation": 90, "texture": "#3"},
				"down": {"uv": [8, 0, 9, 1], "rotation": 90, "texture": "#3"}
			}
		},
		{
			"from": [12, 3, 4],
			"to": [13, 4, 6],
			"rotation": {"angle": -22.5, "axis": "y", "origin": [12, 1, 4]},
			"faces": {
				"north": {"uv": [2, 8, 3, 9], "rotation": 270, "texture": "#3"},
				"east": {"uv": [5, 8, 4, 6], "rotation": 90, "texture": "#3"},
				"south": {"uv": [8, 2, 9, 3], "rotation": 90, "texture": "#3"},
				"west": {"uv": [6, 6, 5, 8], "rotation": 90, "texture": "#3"},
				"up": {"uv": [6, 2, 8, 3], "rotation": 90, "texture": "#3"},
				"down": {"uv": [6, 1, 8, 2], "rotation": 90, "texture": "#3"}
			}
		},
		{
			"from": [12, 2, 5],
			"to": [13, 3, 7],
			"rotation": {"angle": -22.5, "axis": "y", "origin": [12, 1, 4]},
			"faces": {
				"north": {"uv": [3, 8, 4, 9], "rotation": 270, "texture": "#3"},
				"east": {"uv": [1, 9, 0, 7], "rotation": 90, "texture": "#3"},
				"south": {"uv": [8, 3, 9, 4], "rotation": 90, "texture": "#3"},
				"west": {"uv": [2, 7, 1, 9], "rotation": 90, "texture": "#3"},
				"up": {"uv": [6, 6, 8, 7], "rotation": 90, "texture": "#3"},
				"down": {"uv": [6, 3, 8, 4], "rotation": 90, "texture": "#3"}
			}
		},
		{
			"from": [12, 1, 5],
			"to": [13, 2, 9],
			"rotation": {"angle": -22.5, "axis": "y", "origin": [12, 1, 4]},
			"faces": {
				"north": {"uv": [2, 7, 3, 8], "rotation": 270, "texture": "#3"},
				"east": {"uv": [1, 6, 0, 2], "rotation": 90, "texture": "#3"},
				"south": {"uv": [3, 7, 4, 8], "rotation": 90, "texture": "#3"},
				"west": {"uv": [2, 2, 1, 6], "rotation": 90, "texture": "#3"},
				"up": {"uv": [0, 1, 4, 2], "rotation": 90, "texture": "#3"},
				"down": {"uv": [0, 0, 4, 1], "rotation": 90, "texture": "#3"}
			}
		},
		{
			"from": [12, 1, 10],
			"to": [13, 2, 14],
			"rotation": {"angle": -22.5, "axis": "y", "origin": [12, 1, 4]},
			"faces": {
				"north": {"uv": [3, 7, 4, 8], "rotation": 90, "texture": "#3"},
				"east": {"uv": [2, 2, 1, 6], "rotation": 90, "texture": "#3"},
				"south": {"uv": [2, 7, 3, 8], "rotation": 270, "texture": "#3"},
				"west": {"uv": [1, 6, 0, 2], "rotation": 90, "texture": "#3"},
				"up": {"uv": [0, 1, 4, 2], "rotation": 270, "texture": "#3"},
				"down": {"uv": [0, 0, 4, 1], "rotation": 270, "texture": "#3"}
			}
		},
		{
			"from": [12, 7, 11],
			"to": [13, 8, 14],
			"rotation": {"angle": -22.5, "axis": "y", "origin": [12, 1, 4]},
			"faces": {
				"north": {"uv": [7, 5, 8, 6], "rotation": 90, "texture": "#3"},
				"east": {"uv": [4, 4, 3, 7], "rotation": 90, "texture": "#3"},
				"south": {"uv": [7, 4, 8, 5], "rotation": 270, "texture": "#3"},
				"west": {"uv": [3, 7, 2, 4], "rotation": 90, "texture": "#3"},
				"up": {"uv": [2, 3, 5, 4], "rotation": 270, "texture": "#3"},
				"down": {"uv": [2, 2, 5, 3], "rotation": 270, "texture": "#3"}
			}
		},
		{
			"from": [12, 6, 13],
			"to": [13, 7, 15],
			"rotation": {"angle": -22.5, "axis": "y", "origin": [12, 1, 4]},
			"faces": {
				"north": {"uv": [7, 7, 8, 8], "rotation": 90, "texture": "#3"},
				"east": {"uv": [6, 2, 5, 4], "rotation": 90, "texture": "#3"},
				"south": {"uv": [6, 7, 7, 8], "rotation": 270, "texture": "#3"},
				"west": {"uv": [5, 6, 4, 4], "rotation": 90, "texture": "#3"},
				"up": {"uv": [4, 1, 6, 2], "rotation": 270, "texture": "#3"},
				"down": {"uv": [4, 0, 6, 1], "rotation": 270, "texture": "#3"}
			}
		},
		{
			"from": [12, 4, 14],
			"to": [13, 6, 15],
			"rotation": {"angle": -22.5, "axis": "y", "origin": [12, 1, 4]},
			"faces": {
				"north": {"uv": [5, 5, 7, 6], "rotation": 90, "texture": "#3"},
				"east": {"uv": [8, 0, 6, 1], "rotation": 90, "texture": "#3"},
				"south": {"uv": [5, 4, 7, 5], "rotation": 270, "texture": "#3"},
				"west": {"uv": [2, 7, 0, 6], "rotation": 90, "texture": "#3"},
				"up": {"uv": [8, 1, 9, 2], "rotation": 270, "texture": "#3"},
				"down": {"uv": [8, 0, 9, 1], "rotation": 270, "texture": "#3"}
			}
		},
		{
			"from": [12, 3, 13],
			"to": [13, 4, 15],
			"rotation": {"angle": -22.5, "axis": "y", "origin": [12, 1, 4]},
			"faces": {
				"north": {"uv": [8, 2, 9, 3], "rotation": 90, "texture": "#3"},
				"east": {"uv": [6, 6, 5, 8], "rotation": 90, "texture": "#3"},
				"south": {"uv": [2, 8, 3, 9], "rotation": 270, "texture": "#3"},
				"west": {"uv": [5, 8, 4, 6], "rotation": 90, "texture": "#3"},
				"up": {"uv": [6, 2, 8, 3], "rotation": 270, "texture": "#3"},
				"down": {"uv": [6, 1, 8, 2], "rotation": 270, "texture": "#3"}
			}
		},
		{
			"from": [12, 2, 12],
			"to": [13, 3, 14],
			"rotation": {"angle": -22.5, "axis": "y", "origin": [12, 1, 4]},
			"faces": {
				"north": {"uv": [8, 3, 9, 4], "rotation": 90, "texture": "#3"},
				"east": {"uv": [2, 7, 1, 9], "rotation": 90, "texture": "#3"},
				"south": {"uv": [3, 8, 4, 9], "rotation": 270, "texture": "#3"},
				"west": {"uv": [1, 9, 0, 7], "rotation": 90, "texture": "#3"},
				"up": {"uv": [6, 6, 8, 7], "rotation": 270, "texture": "#3"},
				"down": {"uv": [6, 3, 8, 4], "rotation": 270, "texture": "#3"}
			}
		},
		{
			"from": [9, 7, 4],
			"to": [10, 8, 7],
			"rotation": {"angle": -22.5, "axis": "y", "origin": [9, 1, 3]},
			"faces": {
				"north": {"uv": [7, 4, 8, 5], "rotation": 270, "texture": "#3"},
				"east": {"uv": [3, 7, 2, 4], "rotation": 90, "texture": "#3"},
				"south": {"uv": [7, 5, 8, 6], "rotation": 90, "texture": "#3"},
				"west": {"uv": [4, 4, 3, 7], "rotation": 90, "texture": "#3"},
				"up": {"uv": [2, 3, 5, 4], "rotation": 90, "texture": "#3"},
				"down": {"uv": [2, 2, 5, 3], "rotation": 90, "texture": "#3"}
			}
		},
		{
			"from": [9, 6, 3],
			"to": [10, 7, 5],
			"rotation": {"angle": -22.5, "axis": "y", "origin": [9, 1, 3]},
			"faces": {
				"north": {"uv": [6, 7, 7, 8], "rotation": 270, "texture": "#3"},
				"east": {"uv": [5, 6, 4, 4], "rotation": 90, "texture": "#3"},
				"south": {"uv": [7, 7, 8, 8], "rotation": 90, "texture": "#3"},
				"west": {"uv": [6, 2, 5, 4], "rotation": 90, "texture": "#3"},
				"up": {"uv": [4, 1, 6, 2], "rotation": 90, "texture": "#3"},
				"down": {"uv": [4, 0, 6, 1], "rotation": 90, "texture": "#3"}
			}
		},
		{
			"from": [9, 4, 3],
			"to": [10, 6, 4],
			"rotation": {"angle": -22.5, "axis": "y", "origin": [9, 1, 3]},
			"faces": {
				"north": {"uv": [5, 4, 7, 5], "rotation": 270, "texture": "#3"},
				"east": {"uv": [2, 7, 0, 6], "rotation": 90, "texture": "#3"},
				"south": {"uv": [5, 5, 7, 6], "rotation": 90, "texture": "#3"},
				"west": {"uv": [8, 0, 6, 1], "rotation": 90, "texture": "#3"},
				"up": {"uv": [8, 1, 9, 2], "rotation": 90, "texture": "#3"},
				"down": {"uv": [8, 0, 9, 1], "rotation": 90, "texture": "#3"}
			}
		},
		{
			"from": [9, 3, 3],
			"to": [10, 4, 5],
			"rotation": {"angle": -22.5, "axis": "y", "origin": [9, 1, 3]},
			"faces": {
				"north": {"uv": [2, 8, 3, 9], "rotation": 270, "texture": "#3"},
				"east": {"uv": [5, 8, 4, 6], "rotation": 90, "texture": "#3"},
				"south": {"uv": [8, 2, 9, 3], "rotation": 90, "texture": "#3"},
				"west": {"uv": [6, 6, 5, 8], "rotation": 90, "texture": "#3"},
				"up": {"uv": [6, 2, 8, 3], "rotation": 90, "texture": "#3"},
				"down": {"uv": [6, 1, 8, 2], "rotation": 90, "texture": "#3"}
			}
		},
		{
			"from": [9, 2, 4],
			"to": [10, 3, 6],
			"rotation": {"angle": -22.5, "axis": "y", "origin": [9, 1, 3]},
			"faces": {
				"north": {"uv": [3, 8, 4, 9], "rotation": 270, "texture": "#3"},
				"east": {"uv": [1, 9, 0, 7], "rotation": 90, "texture": "#3"},
				"south": {"uv": [8, 3, 9, 4], "rotation": 90, "texture": "#3"},
				"west": {"uv": [2, 7, 1, 9], "rotation": 90, "texture": "#3"},
				"up": {"uv": [6, 6, 8, 7], "rotation": 90, "texture": "#3"},
				"down": {"uv": [6, 3, 8, 4], "rotation": 90, "texture": "#3"}
			}
		},
		{
			"from": [9, 1, 4],
			"to": [10, 2, 8],
			"rotation": {"angle": -22.5, "axis": "y", "origin": [9, 1, 3]},
			"faces": {
				"north": {"uv": [2, 7, 3, 8], "rotation": 270, "texture": "#3"},
				"east": {"uv": [1, 6, 0, 2], "rotation": 90, "texture": "#3"},
				"south": {"uv": [3, 7, 4, 8], "rotation": 90, "texture": "#3"},
				"west": {"uv": [2, 2, 1, 6], "rotation": 90, "texture": "#3"},
				"up": {"uv": [0, 1, 4, 2], "rotation": 90, "texture": "#3"},
				"down": {"uv": [0, 0, 4, 1], "rotation": 90, "texture": "#3"}
			}
		},
		{
			"from": [9, 1, 9],
			"to": [10, 2, 13],
			"rotation": {"angle": -22.5, "axis": "y", "origin": [9, 1, 3]},
			"faces": {
				"north": {"uv": [3, 7, 4, 8], "rotation": 90, "texture": "#3"},
				"east": {"uv": [2, 2, 1, 6], "rotation": 90, "texture": "#3"},
				"south": {"uv": [2, 7, 3, 8], "rotation": 270, "texture": "#3"},
				"west": {"uv": [1, 6, 0, 2], "rotation": 90, "texture": "#3"},
				"up": {"uv": [0, 1, 4, 2], "rotation": 270, "texture": "#3"},
				"down": {"uv": [0, 0, 4, 1], "rotation": 270, "texture": "#3"}
			}
		},
		{
			"from": [9, 7, 10],
			"to": [10, 8, 13],
			"rotation": {"angle": -22.5, "axis": "y", "origin": [9, 1, 3]},
			"faces": {
				"north": {"uv": [7, 5, 8, 6], "rotation": 90, "texture": "#3"},
				"east": {"uv": [4, 4, 3, 7], "rotation": 90, "texture": "#3"},
				"south": {"uv": [7, 4, 8, 5], "rotation": 270, "texture": "#3"},
				"west": {"uv": [3, 7, 2, 4], "rotation": 90, "texture": "#3"},
				"up": {"uv": [2, 3, 5, 4], "rotation": 270, "texture": "#3"},
				"down": {"uv": [2, 2, 5, 3], "rotation": 270, "texture": "#3"}
			}
		},
		{
			"from": [9, 6, 12],
			"to": [10, 7, 14],
			"rotation": {"angle": -22.5, "axis": "y", "origin": [9, 1, 3]},
			"faces": {
				"north": {"uv": [7, 7, 8, 8], "rotation": 90, "texture": "#3"},
				"east": {"uv": [6, 2, 5, 4], "rotation": 90, "texture": "#3"},
				"south": {"uv": [6, 7, 7, 8], "rotation": 270, "texture": "#3"},
				"west": {"uv": [5, 6, 4, 4], "rotation": 90, "texture": "#3"},
				"up": {"uv": [4, 1, 6, 2], "rotation": 270, "texture": "#3"},
				"down": {"uv": [4, 0, 6, 1], "rotation": 270, "texture": "#3"}
			}
		},
		{
			"from": [9, 4, 13],
			"to": [10, 6, 14],
			"rotation": {"angle": -22.5, "axis": "y", "origin": [9, 1, 3]},
			"faces": {
				"north": {"uv": [5, 5, 7, 6], "rotation": 90, "texture": "#3"},
				"east": {"uv": [8, 0, 6, 1], "rotation": 90, "texture": "#3"},
				"south": {"uv": [5, 4, 7, 5], "rotation": 270, "texture": "#3"},
				"west": {"uv": [2, 7, 0, 6], "rotation": 90, "texture": "#3"},
				"up": {"uv": [8, 1, 9, 2], "rotation": 270, "texture": "#3"},
				"down": {"uv": [8, 0, 9, 1], "rotation": 270, "texture": "#3"}
			}
		},
		{
			"from": [9, 3, 12],
			"to": [10, 4, 14],
			"rotation": {"angle": -22.5, "axis": "y", "origin": [9, 1, 3]},
			"faces": {
				"north": {"uv": [8, 2, 9, 3], "rotation": 90, "texture": "#3"},
				"east": {"uv": [6, 6, 5, 8], "rotation": 90, "texture": "#3"},
				"south": {"uv": [2, 8, 3, 9], "rotation": 270, "texture": "#3"},
				"west": {"uv": [5, 8, 4, 6], "rotation": 90, "texture": "#3"},
				"up": {"uv": [6, 2, 8, 3], "rotation": 270, "texture": "#3"},
				"down": {"uv": [6, 1, 8, 2], "rotation": 270, "texture": "#3"}
			}
		},
		{
			"from": [9, 2, 11],
			"to": [10, 3, 13],
			"rotation": {"angle": -22.5, "axis": "y", "origin": [9, 1, 3]},
			"faces": {
				"north": {"uv": [8, 3, 9, 4], "rotation": 90, "texture": "#3"},
				"east": {"uv": [2, 7, 1, 9], "rotation": 90, "texture": "#3"},
				"south": {"uv": [3, 8, 4, 9], "rotation": 270, "texture": "#3"},
				"west": {"uv": [1, 9, 0, 7], "rotation": 90, "texture": "#3"},
				"up": {"uv": [6, 6, 8, 7], "rotation": 270, "texture": "#3"},
				"down": {"uv": [6, 3, 8, 4], "rotation": 270, "texture": "#3"}
			}
		},
		{
			"from": [4, 0, 5],
			"to": [11, 1, 8],
			"rotation": {"angle": -22.5, "axis": "y", "origin": [4, 1, 5]},
			"faces": {
				"north": {"uv": [0, 6, 7, 7], "rotation": 180, "texture": "#4"},
				"east": {"uv": [5, 8, 8, 9], "rotation": 180, "texture": "#4"},
				"south": {"uv": [0, 7, 7, 8], "rotation": 180, "texture": "#4"},
				"west": {"uv": [2, 8, 5, 9], "rotation": 180, "texture": "#4"},
				"up": {"uv": [7, 3, 0, 6], "rotation": 180, "texture": "#4"},
				"down": {"uv": [7, 3, 0, 0], "rotation": 180, "texture": "#4"}
			}
		},
		{
			"from": [11, 0, 5],
			"to": [13, 1, 7],
			"rotation": {"angle": -22.5, "axis": "y", "origin": [4, 1, 5]},
			"faces": {
				"north": {"uv": [9, 1, 11, 2], "rotation": 180, "texture": "#4"},
				"east": {"uv": [9, 3, 11, 4], "rotation": 180, "texture": "#4"},
				"south": {"uv": [9, 2, 11, 3], "rotation": 180, "texture": "#4"},
				"west": {"uv": [2, 9, 4, 10], "rotation": 180, "texture": "#4"},
				"up": {"uv": [2, 8, 0, 10], "rotation": 180, "texture": "#4"},
				"down": {"uv": [9, 8, 7, 6], "rotation": 180, "texture": "#4"}
			}
		},
		{
			"from": [13, 0, 5],
			"to": [15, 1, 8],
			"rotation": {"angle": -22.5, "axis": "y", "origin": [4, 1, 5]},
			"faces": {
				"north": {"uv": [4, 9, 6, 10], "rotation": 180, "texture": "#4"},
				"east": {"uv": [9, 0, 12, 1], "rotation": 180, "texture": "#4"},
				"south": {"uv": [9, 4, 11, 5], "rotation": 180, "texture": "#4"},
				"west": {"uv": [8, 8, 11, 9], "rotation": 180, "texture": "#4"},
				"up": {"uv": [9, 3, 7, 6], "rotation": 180, "texture": "#4"},
				"down": {"uv": [9, 3, 7, 0], "rotation": 180, "texture": "#4"}
			}
		},
		{
			"from": [15, 0, 5],
			"to": [16, 1, 7],
			"rotation": {"angle": -22.5, "axis": "y", "origin": [4, 1, 5]},
			"faces": {
				"north": {"uv": [6, 10, 7, 11], "rotation": 180, "texture": "#4"},
				"east": {"uv": [6, 9, 8, 10], "rotation": 180, "texture": "#4"},
				"south": {"uv": [10, 6, 11, 7], "rotation": 180, "texture": "#4"},
				"west": {"uv": [9, 5, 11, 6], "rotation": 180, "texture": "#4"},
				"up": {"uv": [9, 9, 8, 11], "rotation": 180, "texture": "#4"},
				"down": {"uv": [10, 8, 9, 6], "rotation": 180, "texture": "#4"}
			}
		},
		{
			"from": [14, 0, 4],
			"to": [16, 1, 5],
			"rotation": {"angle": -22.5, "axis": "y", "origin": [4, 1, 5]},
			"faces": {
				"north": {"uv": [9, 9, 11, 10], "rotation": 180, "texture": "#4"},
				"east": {"uv": [10, 7, 11, 8], "rotation": 180, "texture": "#4"},
				"south": {"uv": [0, 10, 2, 11], "rotation": 180, "texture": "#4"},
				"west": {"uv": [7, 10, 8, 11], "rotation": 180, "texture": "#4"},
				"up": {"uv": [6, 10, 4, 11], "rotation": 180, "texture": "#4"},
				"down": {"uv": [4, 11, 2, 10], "rotation": 180, "texture": "#4"}
			}
		},
		{
			"from": [8, 0, 0],
			"to": [15, 1, 3],
			"rotation": {"angle": 0, "axis": "y", "origin": [15, 1, 3]},
			"faces": {
				"north": {"uv": [0, 7, 7, 8], "rotation": 180, "texture": "#4"},
				"east": {"uv": [2, 8, 5, 9], "rotation": 180, "texture": "#4"},
				"south": {"uv": [0, 6, 7, 7], "rotation": 180, "texture": "#4"},
				"west": {"uv": [5, 8, 8, 9], "rotation": 180, "texture": "#4"},
				"up": {"uv": [7, 3, 0, 6], "texture": "#4"},
				"down": {"uv": [7, 3, 0, 0], "texture": "#4"}
			}
		},
		{
			"from": [6, 0, 1],
			"to": [8, 1, 3],
			"rotation": {"angle": 0, "axis": "y", "origin": [15, 1, 3]},
			"faces": {
				"north": {"uv": [9, 2, 11, 3], "rotation": 180, "texture": "#4"},
				"east": {"uv": [2, 9, 4, 10], "rotation": 180, "texture": "#4"},
				"south": {"uv": [9, 1, 11, 2], "rotation": 180, "texture": "#4"},
				"west": {"uv": [9, 3, 11, 4], "rotation": 180, "texture": "#4"},
				"up": {"uv": [2, 8, 0, 10], "texture": "#4"},
				"down": {"uv": [9, 8, 7, 6], "texture": "#4"}
			}
		},
		{
			"from": [4, 0, 0],
			"to": [6, 1, 3],
			"rotation": {"angle": 0, "axis": "y", "origin": [15, 1, 3]},
			"faces": {
				"north": {"uv": [9, 4, 11, 5], "rotation": 180, "texture": "#4"},
				"east": {"uv": [8, 8, 11, 9], "rotation": 180, "texture": "#4"},
				"south": {"uv": [4, 9, 6, 10], "rotation": 180, "texture": "#4"},
				"west": {"uv": [9, 0, 12, 1], "rotation": 180, "texture": "#4"},
				"up": {"uv": [9, 3, 7, 6], "texture": "#4"},
				"down": {"uv": [9, 3, 7, 0], "texture": "#4"}
			}
		},
		{
			"from": [3, 0, 1],
			"to": [4, 1, 3],
			"rotation": {"angle": 0, "axis": "y", "origin": [15, 1, 3]},
			"faces": {
				"north": {"uv": [10, 6, 11, 7], "rotation": 180, "texture": "#4"},
				"east": {"uv": [9, 5, 11, 6], "rotation": 180, "texture": "#4"},
				"south": {"uv": [6, 10, 7, 11], "rotation": 180, "texture": "#4"},
				"west": {"uv": [6, 9, 8, 10], "rotation": 180, "texture": "#4"},
				"up": {"uv": [9, 9, 8, 11], "texture": "#4"},
				"down": {"uv": [10, 8, 9, 6], "texture": "#4"}
			}
		},
		{
			"from": [3, 0, 3],
			"to": [5, 1, 4],
			"rotation": {"angle": 0, "axis": "y", "origin": [15, 1, 3]},
			"faces": {
				"north": {"uv": [0, 10, 2, 11], "rotation": 180, "texture": "#4"},
				"east": {"uv": [7, 10, 8, 11], "rotation": 180, "texture": "#4"},
				"south": {"uv": [9, 9, 11, 10], "rotation": 180, "texture": "#4"},
				"west": {"uv": [10, 7, 11, 8], "rotation": 180, "texture": "#4"},
				"up": {"uv": [6, 10, 4, 11], "texture": "#4"},
				"down": {"uv": [4, 11, 2, 10], "texture": "#4"}
			}
		},
		{
			"from": [3, 0, 18],
			"to": [10, 1, 21],
			"rotation": {"angle": -45, "axis": "y", "origin": [10, 0, 18]},
			"faces": {
				"north": {"uv": [0, 6, 7, 7], "texture": "#4"},
				"east": {"uv": [2, 8, 5, 9], "texture": "#4"},
				"south": {"uv": [0, 7, 7, 8], "texture": "#4"},
				"west": {"uv": [5, 8, 8, 9], "texture": "#4"},
				"up": {"uv": [7, 3, 0, 0], "texture": "#4"},
				"down": {"uv": [7, 3, 0, 6], "texture": "#4"}
			}
		},
		{
			"from": [1, 0, 18],
			"to": [3, 1, 20],
			"rotation": {"angle": -45, "axis": "y", "origin": [10, 0, 18]},
			"faces": {
				"north": {"uv": [9, 1, 11, 2], "texture": "#4"},
				"east": {"uv": [2, 9, 4, 10], "texture": "#4"},
				"south": {"uv": [9, 2, 11, 3], "texture": "#4"},
				"west": {"uv": [9, 3, 11, 4], "texture": "#4"},
				"up": {"uv": [9, 8, 7, 6], "texture": "#4"},
				"down": {"uv": [2, 8, 0, 10], "texture": "#4"}
			}
		},
		{
			"from": [-1, 0, 18],
			"to": [1, 1, 21],
			"rotation": {"angle": -45, "axis": "y", "origin": [10, 0, 18]},
			"faces": {
				"north": {"uv": [4, 9, 6, 10], "texture": "#4"},
				"east": {"uv": [8, 8, 11, 9], "texture": "#4"},
				"south": {"uv": [9, 4, 11, 5], "texture": "#4"},
				"west": {"uv": [9, 0, 12, 1], "texture": "#4"},
				"up": {"uv": [9, 3, 7, 0], "texture": "#4"},
				"down": {"uv": [9, 3, 7, 6], "texture": "#4"}
			}
		},
		{
			"from": [-2, 0, 18],
			"to": [-1, 1, 20],
			"rotation": {"angle": -45, "axis": "y", "origin": [10, 0, 18]},
			"faces": {
				"north": {"uv": [6, 10, 7, 11], "texture": "#4"},
				"east": {"uv": [9, 5, 11, 6], "texture": "#4"},
				"south": {"uv": [10, 6, 11, 7], "texture": "#4"},
				"west": {"uv": [6, 9, 8, 10], "texture": "#4"},
				"up": {"uv": [10, 8, 9, 6], "texture": "#4"},
				"down": {"uv": [9, 9, 8, 11], "texture": "#4"}
			}
		},
		{
			"from": [-2, 0, 17],
			"to": [0, 1, 18],
			"rotation": {"angle": -45, "axis": "y", "origin": [10, 0, 18]},
			"faces": {
				"north": {"uv": [9, 9, 11, 10], "texture": "#4"},
				"east": {"uv": [7, 10, 8, 11], "texture": "#4"},
				"south": {"uv": [0, 10, 2, 11], "texture": "#4"},
				"west": {"uv": [10, 7, 11, 8], "texture": "#4"},
				"up": {"uv": [4, 11, 2, 10], "texture": "#4"},
				"down": {"uv": [6, 10, 4, 11], "texture": "#4"}
			}
		}
	],
	"groups": [
		{
			"name": "ribcage",
			"origin": [8, 8, 8],
			"color": 0,
			"children": [0, 1, 2, 3, 4, 5, 6, 7, 8, 9, 10, 11]
		},
		{
			"name": "ribcage",
			"origin": [8, 8, 8],
			"color": 0,
			"children": [12, 13, 14, 15, 16, 17, 18, 19, 20, 21, 22, 23]
		},
		{
			"name": "ribcage",
			"origin": [8, 8, 8],
			"color": 0,
			"children": [24, 25, 26, 27, 28, 29, 30, 31, 32, 33, 34, 35]
		},
		{
			"name": "bone",
			"origin": [3, 0, 5],
			"color": 0,
			"children": [36, 37, 38, 39, 40]
		},
		{
			"name": "bone",
			"origin": [3, 0, 5],
			"color": 0,
			"children": [41, 42, 43, 44, 45]
		},
		{
			"name": "bone",
			"origin": [3, 0, 5],
			"color": 0,
			"children": [46, 47, 48, 49, 50]
		}
	]
}