{
    "model": {
        "type": "range_dispatch",
        "property": "custom_model_data",
        "fallback": {
            "type": "model",
            "model": "item/brown_dye"
        },
        "entries": [
            {
                "threshold": 1882600,
                "model": {
                    "type": "model",
                    "model": "item/pile_jars/cookies/cookies_1"
                }
            },
            {
                "threshold": 1882601,
                "model": {
                    "type": "model",
                    "model": "item/pile_jars/cookies/cookies_2"
                }
            },
            {
                "threshold": 1882602,
                "model": {
                    "type": "model",
                    "model": "item/pile_jars/cookies/cookies_3"
                }
            },
            {
                "threshold": 1882603,
                "model": {
                    "type": "model",
                    "model": "item/pile_jars/cookies/cookies_4"
                }
            },
            {
                "threshold": 1882604,
                "model": {
                    "type": "model",
                    "model": "item/pile_jars/cookies/cookies_5"
                }
            },
            {
                "threshold": 1882605,
                "model": {
                    "type": "model",
                    "model": "item/pile_jars/cookies/cookies_6"
                }
            },
            {
                "threshold": 1882606,
                "model": {
                    "type": "model",
                    "model": "item/pile_jars/cookies/cookies_7"
                }
            },
            {
                "threshold": 1882607,
                "model": {
                    "type": "model",
                    "model": "item/pile_jars/cookies/cookies_8"
                }
            },
            {
                "threshold": 1882608,
                "model": {
                    "type": "model",
                    "model": "item/pile_jars/cookies/cookies_9"
                }
            },
            {
                "threshold": 1882609,
                "model": {
                    "type": "model",
                    "model": "item/pile_jars/cookies/cookies_10"
                }
            },
            {
                "threshold": 1882610,
                "model": {
                    "type": "model",
                    "model": "item/pile_jars/cookies/cookies_11"
                }
            },
            {
                "threshold": 1882611,
                "model": {
                    "type": "model",
                    "model": "item/pile_jars/cookies/cookies_12"
                }
            },
            {
                "threshold": 1882612,
                "model": {
                    "type": "model",
                    "model": "item/pile_jars/cookies/cookies_13"
                }
            },
            {
                "threshold": 1882613,
                "model": {
                    "type": "model",
                    "model": "item/pile_jars/cookies/cookies_14"
                }
            },
            {
                "threshold": 1882614,
                "model": {
                    "type": "model",
                    "model": "item/pile_jars/cookies/cookies_15"
                }
            },
            {
                "threshold": 1882615,
                "model": {
                    "type": "model",
                    "model": "item/pile_jars/cookies/cookies_16"
                }
            }
        ]
    }
}