{
    "model": {
        "type": "range_dispatch",
        "property": "custom_model_data",
        "fallback": {
            "type": "model",
            "model": "item/glow_berries"
        },
        "entries": [
            {
                "threshold": 1882600,
                "model": {
                    "type": "model",
                    "model": "item/pile_jars/berries/glow_berries_1"
                }
            },
            {
                "threshold": 1882601,
                "model": {
                    "type": "model",
                    "model": "item/pile_jars/berries/glow_berries_2"
                }
            },
            {
                "threshold": 1882602,
                "model": {
                    "type": "model",
                    "model": "item/pile_jars/berries/glow_berries_3"
                }
            },
            {
                "threshold": 1882603,
                "model": {
                    "type": "model",
                    "model": "item/pile_jars/berries/glow_berries_4"
                }
            },
            {
                "threshold": 1882604,
                "model": {
                    "type": "model",
                    "model": "item/pile_jars/berries/glow_berries_5"
                }
            },
            {
                "threshold": 1882605,
                "model": {
                    "type": "model",
                    "model": "item/pile_jars/berries/glow_berries_6"
                }
            },
            {
                "threshold": 1882606,
                "model": {
                    "type": "model",
                    "model": "item/pile_jars/berries/glow_berries_7"
                }
            },
            {
                "threshold": 1882607,
                "model": {
                    "type": "model",
                    "model": "item/pile_jars/berries/glow_berries_8"
                }
            },
            {
                "threshold": 1882608,
                "model": {
                    "type": "model",
                    "model": "item/pile_jars/berries/glow_berries_9"
                }
            },
            {
                "threshold": 1882609,
                "model": {
                    "type": "model",
                    "model": "item/pile_jars/berries/glow_berries_10"
                }
            },
            {
                "threshold": 1882610,
                "model": {
                    "type": "model",
                    "model": "item/pile_jars/berries/glow_berries_11"
                }
            },
            {
                "threshold": 1882611,
                "model": {
                    "type": "model",
                    "model": "item/pile_jars/berries/glow_berries_12"
                }
            },
            {
                "threshold": 1882612,
                "model": {
                    "type": "model",
                    "model": "item/pile_jars/berries/glow_berries_13"
                }
            },
            {
                "threshold": 1882613,
                "model": {
                    "type": "model",
                    "model": "item/pile_jars/berries/glow_berries_14"
                }
            },
            {
                "threshold": 1882614,
                "model": {
                    "type": "model",
                    "model": "item/pile_jars/berries/glow_berries_15"
                }
            },
            {
                "threshold": 1882615,
                "model": {
                    "type": "model",
                    "model": "item/pile_jars/berries/glow_berries_16"
                }
            }
        ]
    }
}