{
    "model": {
        "type": "range_dispatch",
        "property": "custom_model_data",
        "fallback": {
            "type": "model",
            "model": "item/gray_dye"
        },
        "entries": [
            {
                "threshold": 1882600,
                "model": {
                    "type": "model",
                    "model": "item/pile_cobblestone/stacked_cobblestone_1"
                }
            },
            {
                "threshold": 1882601,
                "model": {
                    "type": "model",
                    "model": "item/pile_cobblestone/stacked_cobblestone_2"
                }
            },
            {
                "threshold": 1882602,
                "model": {
                    "type": "model",
                    "model": "item/pile_cobblestone/stacked_cobblestone_3"
                }
            },
            {
                "threshold": 1882603,
                "model": {
                    "type": "model",
                    "model": "item/pile_cobblestone/stacked_cobblestone_4"
                }
            },
            {
                "threshold": 1882604,
                "model": {
                    "type": "model",
                    "model": "item/pile_cobblestone/stacked_cobblestone_5"
                }
            },
            {
                "threshold": 1882605,
                "model": {
                    "type": "model",
                    "model": "item/pile_cobblestone/stacked_cobblestone_6"
                }
            },
            {
                "threshold": 1882606,
                "model": {
                    "type": "model",
                    "model": "item/pile_cobblestone/stacked_cobblestone_7"
                }
            },
            {
                "threshold": 1882607,
                "model": {
                    "type": "model",
                    "model": "item/pile_cobblestone/stacked_cobblestone_8"
                }
            },
            {
                "threshold": 1882608,
                "model": {
                    "type": "model",
                    "model": "item/pile_cobblestone/stacked_cobblestone_9"
                }
            },
            {
                "threshold": 1882609,
                "model": {
                    "type": "model",
                    "model": "item/pile_cobblestone/stacked_cobblestone_10"
                }
            },
            {
                "threshold": 1882610,
                "model": {
                    "type": "model",
                    "model": "item/pile_cobblestone/stacked_cobblestone_11"
                }
            },
            {
                "threshold": 1882611,
                "model": {
                    "type": "model",
                    "model": "item/pile_cobblestone/stacked_cobblestone_12"
                }
            },
            {
                "threshold": 1882612,
                "model": {
                    "type": "model",
                    "model": "item/pile_cobblestone/stacked_cobblestone_13"
                }
            },
            {
                "threshold": 1882613,
                "model": {
                    "type": "model",
                    "model": "item/pile_cobblestone/stacked_cobblestone_14"
                }
            },
            {
                "threshold": 1882614,
                "model": {
                    "type": "model",
                    "model": "item/pile_cobblestone/stacked_cobblestone_15"
                }
            },
            {
                "threshold": 1882615,
                "model": {
                    "type": "model",
                    "model": "item/pile_cobblestone/stacked_cobblestone_16"
                }
            },
            {
                "threshold": 1882616,
                "model": {
                    "type": "model",
                    "model": "item/pile_cobblestone/stacked_cobblestone_17"
                }
            },
            {
                "threshold": 1882617,
                "model": {
                    "type": "model",
                    "model": "item/pile_cobblestone/stacked_cobblestone_18"
                }
            },
            {
                "threshold": 1882618,
                "model": {
                    "type": "model",
                    "model": "item/pile_cobblestone/stacked_cobblestone_19"
                }
            },
            {
                "threshold": 1882619,
                "model": {
                    "type": "model",
                    "model": "item/pile_cobblestone/stacked_cobblestone_20"
                }
            },
            {
                "threshold": 1882620,
                "model": {
                    "type": "model",
                    "model": "item/pile_cobblestone/stacked_cobblestone_21"
                }
            },
            {
                "threshold": 1882621,
                "model": {
                    "type": "model",
                    "model": "item/pile_cobblestone/stacked_cobblestone_22"
                }
            },
            {
                "threshold": 1882622,
                "model": {
                    "type": "model",
                    "model": "item/pile_cobblestone/stacked_cobblestone_23"
                }
            },
            {
                "threshold": 1882623,
                "model": {
                    "type": "model",
                    "model": "item/pile_cobblestone/stacked_cobblestone_24"
                }
            }
        ]
    }
}