{
    "model": {
        "type": "range_dispatch",
        "property": "custom_model_data",
        "fallback": {
            "type": "model",
            "model": "item/iron_ingot"
        },
        "entries": [
            {
                "threshold": 1882600,
                "model": {
                    "type": "model",
                    "model": "item/pile_iron_ingots/stacked_iron_ingot_1"
                }
            },
            {
                "threshold": 1882601,
                "model": {
                    "type": "model",
                    "model": "item/pile_iron_ingots/stacked_iron_ingot_2"
                }
            },
            {
                "threshold": 1882602,
                "model": {
                    "type": "model",
                    "model": "item/pile_iron_ingots/stacked_iron_ingot_3"
                }
            },
            {
                "threshold": 1882603,
                "model": {
                    "type": "model",
                    "model": "item/pile_iron_ingots/stacked_iron_ingot_4"
                }
            },
            {
                "threshold": 1882604,
                "model": {
                    "type": "model",
                    "model": "item/pile_iron_ingots/stacked_iron_ingot_5"
                }
            },
            {
                "threshold": 1882605,
                "model": {
                    "type": "model",
                    "model": "item/pile_iron_ingots/stacked_iron_ingot_6"
                }
            },
            {
                "threshold": 1882606,
                "model": {
                    "type": "model",
                    "model": "item/pile_iron_ingots/stacked_iron_ingot_7"
                }
            },
            {
                "threshold": 1882607,
                "model": {
                    "type": "model",
                    "model": "item/pile_iron_ingots/stacked_iron_ingot_8"
                }
            },
            {
                "threshold": 1882608,
                "model": {
                    "type": "model",
                    "model": "item/pile_iron_ingots/stacked_iron_ingot_9"
                }
            },
            {
                "threshold": 1882609,
                "model": {
                    "type": "model",
                    "model": "item/pile_iron_ingots/stacked_iron_ingot_10"
                }
            },
            {
                "threshold": 1882610,
                "model": {
                    "type": "model",
                    "model": "item/pile_iron_ingots/stacked_iron_ingot_11"
                }
            },
            {
                "threshold": 1882611,
                "model": {
                    "type": "model",
                    "model": "item/pile_iron_ingots/stacked_iron_ingot_12"
                }
            },
            {
                "threshold": 1882612,
                "model": {
                    "type": "model",
                    "model": "item/pile_iron_ingots/stacked_iron_ingot_13"
                }
            },
            {
                "threshold": 1882613,
                "model": {
                    "type": "model",
                    "model": "item/pile_iron_ingots/stacked_iron_ingot_14"
                }
            },
            {
                "threshold": 1882614,
                "model": {
                    "type": "model",
                    "model": "item/pile_iron_ingots/stacked_iron_ingot_15"
                }
            },
            {
                "threshold": 1882615,
                "model": {
                    "type": "model",
                    "model": "item/pile_iron_ingots/stacked_iron_ingot_16"
                }
            },
            {
                "threshold": 1882616,
                "model": {
                    "type": "model",
                    "model": "item/pile_iron_ingots/stacked_iron_ingot_17"
                }
            },
            {
                "threshold": 1882617,
                "model": {
                    "type": "model",
                    "model": "item/pile_iron_ingots/stacked_iron_ingot_18"
                }
            },
            {
                "threshold": 1882618,
                "model": {
                    "type": "model",
                    "model": "item/pile_iron_ingots/stacked_iron_ingot_19"
                }
            },
            {
                "threshold": 1882619,
                "model": {
                    "type": "model",
                    "model": "item/pile_iron_ingots/stacked_iron_ingot_20"
                }
            }
        ]
    }
}