{
    "model": {
        "type": "range_dispatch",
        "property": "custom_model_data",
        "fallback": {
            "type": "model",
            "model": "item/light_gray_dye"
        },
        "entries": [
            {
                "threshold": 1882600,
                "model": {
                    "type": "model",
                    "model": "item/pile_andesite/stacked_andesite_1"
                }
            },
            {
                "threshold": 1882601,
                "model": {
                    "type": "model",
                    "model": "item/pile_andesite/stacked_andesite_2"
                }
            },
            {
                "threshold": 1882602,
                "model": {
                    "type": "model",
                    "model": "item/pile_andesite/stacked_andesite_3"
                }
            },
            {
                "threshold": 1882603,
                "model": {
                    "type": "model",
                    "model": "item/pile_andesite/stacked_andesite_4"
                }
            },
            {
                "threshold": 1882604,
                "model": {
                    "type": "model",
                    "model": "item/pile_andesite/stacked_andesite_5"
                }
            },
            {
                "threshold": 1882605,
                "model": {
                    "type": "model",
                    "model": "item/pile_andesite/stacked_andesite_6"
                }
            },
            {
                "threshold": 1882606,
                "model": {
                    "type": "model",
                    "model": "item/pile_andesite/stacked_andesite_7"
                }
            },
            {
                "threshold": 1882607,
                "model": {
                    "type": "model",
                    "model": "item/pile_andesite/stacked_andesite_8"
                }
            },
            {
                "threshold": 1882608,
                "model": {
                    "type": "model",
                    "model": "item/pile_andesite/stacked_andesite_9"
                }
            },
            {
                "threshold": 1882609,
                "model": {
                    "type": "model",
                    "model": "item/pile_andesite/stacked_andesite_10"
                }
            },
            {
                "threshold": 1882610,
                "model": {
                    "type": "model",
                    "model": "item/pile_andesite/stacked_andesite_11"
                }
            },
            {
                "threshold": 1882611,
                "model": {
                    "type": "model",
                    "model": "item/pile_andesite/stacked_andesite_12"
                }
            },
            {
                "threshold": 1882612,
                "model": {
                    "type": "model",
                    "model": "item/pile_andesite/stacked_andesite_13"
                }
            },
            {
                "threshold": 1882613,
                "model": {
                    "type": "model",
                    "model": "item/pile_andesite/stacked_andesite_14"
                }
            },
            {
                "threshold": 1882614,
                "model": {
                    "type": "model",
                    "model": "item/pile_andesite/stacked_andesite_15"
                }
            },
            {
                "threshold": 1882615,
                "model": {
                    "type": "model",
                    "model": "item/pile_andesite/stacked_andesite_16"
                }
            },
            {
                "threshold": 1882616,
                "model": {
                    "type": "model",
                    "model": "item/pile_andesite/stacked_andesite_17"
                }
            },
            {
                "threshold": 1882617,
                "model": {
                    "type": "model",
                    "model": "item/pile_andesite/stacked_andesite_18"
                }
            },
            {
                "threshold": 1882618,
                "model": {
                    "type": "model",
                    "model": "item/pile_andesite/stacked_andesite_19"
                }
            },
            {
                "threshold": 1882619,
                "model": {
                    "type": "model",
                    "model": "item/pile_andesite/stacked_andesite_20"
                }
            },
            {
                "threshold": 1882620,
                "model": {
                    "type": "model",
                    "model": "item/pile_andesite/stacked_andesite_21"
                }
            },
            {
                "threshold": 1882621,
                "model": {
                    "type": "model",
                    "model": "item/pile_andesite/stacked_andesite_22"
                }
            },
            {
                "threshold": 1882622,
                "model": {
                    "type": "model",
                    "model": "item/pile_andesite/stacked_andesite_23"
                }
            },
            {
                "threshold": 1882623,
                "model": {
                    "type": "model",
                    "model": "item/pile_andesite/stacked_andesite_24"
                }
            }
        ]
    }
}