{
    "model": {
        "type": "range_dispatch",
        "property": "custom_model_data",
        "fallback": {
            "type": "model",
            "model": "item/pumpkin_pie"
        },
        "entries": [
            {
                "threshold": 1882600,
                "model": {
                    "type": "model",
                    "model": "item/pile_pumpkin_pie/pie_1"
                }
            },
            {
                "threshold": 1882601,
                "model": {
                    "type": "model",
                    "model": "item/pile_pumpkin_pie/pie_2"
                }
            },
            {
                "threshold": 1882602,
                "model": {
                    "type": "model",
                    "model": "item/pile_pumpkin_pie/pie_3"
                }
            },
            {
                "threshold": 1882603,
                "model": {
                    "type": "model",
                    "model": "item/pile_pumpkin_pie/pie_4"
                }
            },
            {
                "threshold": 1882604,
                "model": {
                    "type": "model",
                    "model": "item/pile_pumpkin_pie/pie_5"
                }
            },
            {
                "threshold": 1882605,
                "model": {
                    "type": "model",
                    "model": "item/pile_pumpkin_pie/pie_6"
                }
            },
            {
                "threshold": 1882606,
                "model": {
                    "type": "model",
                    "model": "item/pile_pumpkin_pie/pie_7"
                }
            },
            {
                "threshold": 1882607,
                "model": {
                    "type": "model",
                    "model": "item/pile_pumpkin_pie/pie_8"
                }
            },
            {
                "threshold": 1882608,
                "model": {
                    "type": "model",
                    "model": "item/pile_pumpkin_pie/pie_9"
                }
            }
        ]
    }
}