{
    "model": {
        "type": "range_dispatch",
        "property": "custom_model_data",
        "fallback": {
            "type": "model",
            "model": "item/stick"
        },
        "entries": [
            {
                "threshold": 1882600,
                "model": {
                    "type": "model",
                    "model": "item/pile_sticks/stacked_sticks_1"
                }
            },
            {
                "threshold": 1882601,
                "model": {
                    "type": "model",
                    "model": "item/pile_sticks/stacked_sticks_2"
                }
            },
            {
                "threshold": 1882602,
                "model": {
                    "type": "model",
                    "model": "item/pile_sticks/stacked_sticks_3"
                }
            },
            {
                "threshold": 1882603,
                "model": {
                    "type": "model",
                    "model": "item/pile_sticks/stacked_sticks_4"
                }
            },
            {
                "threshold": 1882604,
                "model": {
                    "type": "model",
                    "model": "item/pile_sticks/stacked_sticks_5"
                }
            },
            {
                "threshold": 1882605,
                "model": {
                    "type": "model",
                    "model": "item/pile_sticks/stacked_sticks_6"
                }
            },
            {
                "threshold": 1882606,
                "model": {
                    "type": "model",
                    "model": "item/pile_sticks/stacked_sticks_7"
                }
            },
            {
                "threshold": 1882607,
                "model": {
                    "type": "model",
                    "model": "item/pile_sticks/stacked_sticks_8"
                }
            },
            {
                "threshold": 1882608,
                "model": {
                    "type": "model",
                    "model": "item/pile_sticks/stacked_sticks_9"
                }
            },
            {
                "threshold": 1882609,
                "model": {
                    "type": "model",
                    "model": "item/pile_sticks/stacked_sticks_10"
                }
            },
            {
                "threshold": 1882610,
                "model": {
                    "type": "model",
                    "model": "item/pile_sticks/stacked_sticks_11"
                }
            },
            {
                "threshold": 1882611,
                "model": {
                    "type": "model",
                    "model": "item/pile_sticks/stacked_sticks_12"
                }
            },
            {
                "threshold": 1882612,
                "model": {
                    "type": "model",
                    "model": "item/pile_sticks/stacked_sticks_13"
                }
            },
            {
                "threshold": 1882613,
                "model": {
                    "type": "model",
                    "model": "item/pile_sticks/stacked_sticks_14"
                }
            },
            {
                "threshold": 1882614,
                "model": {
                    "type": "model",
                    "model": "item/pile_sticks/stacked_sticks_15"
                }
            },
            {
                "threshold": 1882615,
                "model": {
                    "type": "model",
                    "model": "item/pile_sticks/stacked_sticks_16"
                }
            },
            {
                "threshold": 1882616,
                "model": {
                    "type": "model",
                    "model": "item/pile_sticks/stacked_sticks_17"
                }
            },
            {
                "threshold": 1882617,
                "model": {
                    "type": "model",
                    "model": "item/pile_sticks/stacked_sticks_18"
                }
            },
            {
                "threshold": 1882618,
                "model": {
                    "type": "model",
                    "model": "item/pile_sticks/stacked_sticks_19"
                }
            },
            {
                "threshold": 1882619,
                "model": {
                    "type": "model",
                    "model": "item/pile_sticks/stacked_sticks_20"
                }
            },
            {
                "threshold": 1882620,
                "model": {
                    "type": "model",
                    "model": "item/pile_sticks/stacked_sticks_21"
                }
            },
            {
                "threshold": 1882621,
                "model": {
                    "type": "model",
                    "model": "item/pile_sticks/stacked_sticks_22"
                }
            },
            {
                "threshold": 1882622,
                "model": {
                    "type": "model",
                    "model": "item/pile_sticks/stacked_sticks_23"
                }
            },
            {
                "threshold": 1882623,
                "model": {
                    "type": "model",
                    "model": "item/pile_sticks/stacked_sticks_24"
                }
            },
            {
                "threshold": 1882624,
                "model": {
                    "type": "model",
                    "model": "item/pile_sticks/stacked_sticks_25"
                }
            },
            {
                "threshold": 1882625,
                "model": {
                    "type": "model",
                    "model": "item/pile_sticks/stacked_sticks_26"
                }
            },
            {
                "threshold": 1882626,
                "model": {
                    "type": "model",
                    "model": "item/pile_sticks/stacked_sticks_27"
                }
            },
            {
                "threshold": 1882627,
                "model": {
                    "type": "model",
                    "model": "item/pile_sticks/stacked_sticks_28"
                }
            },
            {
                "threshold": 1882628,
                "model": {
                    "type": "model",
                    "model": "item/pile_sticks/stacked_sticks_29"
                }
            },
            {
                "threshold": 1882629,
                "model": {
                    "type": "model",
                    "model": "item/pile_sticks/stacked_sticks_30"
                }
            },
            {
                "threshold": 1882630,
                "model": {
                    "type": "model",
                    "model": "item/pile_sticks/stacked_sticks_31"
                }
            },
            {
                "threshold": 1882631,
                "model": {
                    "type": "model",
                    "model": "item/pile_sticks/stacked_sticks_32"
                }
            },
            {
                "threshold": 1882632,
                "model": {
                    "type": "model",
                    "model": "item/pile_sticks/stacked_sticks_33"
                }
            },
            {
                "threshold": 1882633,
                "model": {
                    "type": "model",
                    "model": "item/pile_sticks/stacked_sticks_34"
                }
            },
            {
                "threshold": 1882634,
                "model": {
                    "type": "model",
                    "model": "item/pile_sticks/stacked_sticks_35"
                }
            },
            {
                "threshold": 1882635,
                "model": {
                    "type": "model",
                    "model": "item/pile_sticks/stacked_sticks_36"
                }
            },
            {
                "threshold": 1882636,
                "model": {
                    "type": "model",
                    "model": "item/pile_sticks/stacked_sticks_37"
                }
            },
            {
                "threshold": 1882637,
                "model": {
                    "type": "model",
                    "model": "item/pile_sticks/stacked_sticks_38"
                }
            },
            {
                "threshold": 1882638,
                "model": {
                    "type": "model",
                    "model": "item/pile_sticks/stacked_sticks_39"
                }
            },
            {
                "threshold": 1882639,
                "model": {
                    "type": "model",
                    "model": "item/pile_sticks/stacked_sticks_40"
                }
            },
            {
                "threshold": 1882640,
                "model": {
                    "type": "model",
                    "model": "item/pile_sticks/stacked_sticks_41"
                }
            },
            {
                "threshold": 1882641,
                "model": {
                    "type": "model",
                    "model": "item/pile_sticks/stacked_sticks_42"
                }
            },
            {
                "threshold": 1882642,
                "model": {
                    "type": "model",
                    "model": "item/pile_sticks/stacked_sticks_43"
                }
            },
            {
                "threshold": 1882643,
                "model": {
                    "type": "model",
                    "model": "item/pile_sticks/stacked_sticks_44"
                }
            },
            {
                "threshold": 1882644,
                "model": {
                    "type": "model",
                    "model": "item/pile_sticks/stacked_sticks_45"
                }
            },
            {
                "threshold": 1882645,
                "model": {
                    "type": "model",
                    "model": "item/pile_sticks/stacked_sticks_46"
                }
            },
            {
                "threshold": 1882646,
                "model": {
                    "type": "model",
                    "model": "item/pile_sticks/stacked_sticks_47"
                }
            },
            {
                "threshold": 1882647,
                "model": {
                    "type": "model",
                    "model": "item/pile_sticks/stacked_sticks_48"
                }
            },
            {
                "threshold": 1882648,
                "model": {
                    "type": "model",
                    "model": "item/pile_sticks/stacked_sticks_49"
                }
            },
            {
                "threshold": 1882649,
                "model": {
                    "type": "model",
                    "model": "item/pile_sticks/stacked_sticks_50"
                }
            },
            {
                "threshold": 1882650,
                "model": {
                    "type": "model",
                    "model": "item/pile_sticks/stacked_sticks_51"
                }
            },
            {
                "threshold": 1882651,
                "model": {
                    "type": "model",
                    "model": "item/pile_sticks/stacked_sticks_52"
                }
            },
            {
                "threshold": 1882652,
                "model": {
                    "type": "model",
                    "model": "item/pile_sticks/stacked_sticks_53"
                }
            },
            {
                "threshold": 1882653,
                "model": {
                    "type": "model",
                    "model": "item/pile_sticks/stacked_sticks_54"
                }
            },
            {
                "threshold": 1882654,
                "model": {
                    "type": "model",
                    "model": "item/pile_sticks/stacked_sticks_55"
                }
            },
            {
                "threshold": 1882655,
                "model": {
                    "type": "model",
                    "model": "item/pile_sticks/stacked_sticks_56"
                }
            },
            {
                "threshold": 1882656,
                "model": {
                    "type": "model",
                    "model": "item/pile_sticks/stacked_sticks_57"
                }
            },
            {
                "threshold": 1882657,
                "model": {
                    "type": "model",
                    "model": "item/pile_sticks/stacked_sticks_58"
                }
            },
            {
                "threshold": 1882658,
                "model": {
                    "type": "model",
                    "model": "item/pile_sticks/stacked_sticks_59"
                }
            },
            {
                "threshold": 1882659,
                "model": {
                    "type": "model",
                    "model": "item/pile_sticks/stacked_sticks_60"
                }
            },
            {
                "threshold": 1882660,
                "model": {
                    "type": "model",
                    "model": "item/pile_sticks/stacked_sticks_61"
                }
            },
            {
                "threshold": 1882661,
                "model": {
                    "type": "model",
                    "model": "item/pile_sticks/stacked_sticks_62"
                }
            },
            {
                "threshold": 1882662,
                "model": {
                    "type": "model",
                    "model": "item/pile_sticks/stacked_sticks_63"
                }
            },
            {
                "threshold": 1882663,
                "model": {
                    "type": "model",
                    "model": "item/pile_sticks/stacked_sticks_64"
                }
            }
        ]
    }
}