{
	"credit": "Made with Blockbench",
	"textures": {
		"1": "produce/carrot"
	},
	"elements": [
		{
			"from": [13, -1, 1],
			"to": [13, 3, 6],
			"rotation": {"angle": 22.5, "axis": "y", "origin": [11, 0, 14]},
			"faces": {
				"north": {"uv": [0, 0, 0, 4], "texture": "#1"},
				"east": {"uv": [0, 0, 5, 4], "texture": "#1"},
				"south": {"uv": [0, 0, 0, 4], "texture": "#1"},
				"west": {"uv": [5, 0, 0, 4], "texture": "#1"},
				"up": {"uv": [5, 0, 0, 0], "rotation": 270, "texture": "#1"},
				"down": {"uv": [5, 0, 0, 0], "rotation": 90, "texture": "#1"}
			}
		},
		{
			"from": [11, 1, 1],
			"to": [15, 1, 6],
			"rotation": {"angle": 22.5, "axis": "y", "origin": [11, 0, 14]},
			"faces": {
				"north": {"uv": [0, 0, 0, 4], "rotation": 270, "texture": "#1"},
				"east": {"uv": [5, 0, 0, 0], "texture": "#1"},
				"south": {"uv": [0, 0, 0, 4], "rotation": 90, "texture": "#1"},
				"west": {"uv": [5, 0, 0, 0], "rotation": 180, "texture": "#1"},
				"up": {"uv": [5, 0, 0, 4], "rotation": 90, "texture": "#1"},
				"down": {"uv": [0, 0, 5, 4], "rotation": 90, "texture": "#1"}
			}
		},
		{
			"from": [13, 0, 12],
			"to": [14, 2, 14],
			"rotation": {"angle": 22.5, "axis": "y", "origin": [11, 0, 14]},
			"faces": {
				"north": {"uv": [8, 8, 9, 10], "texture": "#1"},
				"east": {"uv": [11, 2, 13, 4], "texture": "#1"},
				"south": {"uv": [9, 8, 10, 10], "texture": "#1"},
				"west": {"uv": [11, 0, 13, 2], "texture": "#1"},
				"up": {"uv": [11, 5, 9, 4], "rotation": 270, "texture": "#1"},
				"down": {"uv": [11, 5, 9, 6], "rotation": 90, "texture": "#1"}
			}
		},
		{
			"from": [12, 0, 6],
			"to": [14, 2, 12],
			"rotation": {"angle": 22.5, "axis": "y", "origin": [11, 0, 14]},
			"faces": {
				"north": {"uv": [6, 8, 8, 10], "texture": "#1"},
				"east": {"uv": [5, 2, 11, 4], "texture": "#1"},
				"south": {"uv": [6, 8, 8, 10], "texture": "#1"},
				"west": {"uv": [5, 0, 11, 2], "texture": "#1"},
				"up": {"uv": [11, 6, 5, 4], "rotation": 270, "texture": "#1"},
				"down": {"uv": [11, 4, 5, 6], "rotation": 90, "texture": "#1"}
			}
		},
		{
			"from": [-3, 1, 8],
			"to": [2, 5, 8],
			"rotation": {"angle": -22.5, "axis": "y", "origin": [10, 2, 10]},
			"faces": {
				"north": {"uv": [0, 0, 5, 4], "texture": "#1"},
				"east": {"uv": [0, 0, 0, 4], "texture": "#1"},
				"south": {"uv": [5, 0, 0, 4], "texture": "#1"},
				"west": {"uv": [0, 0, 0, 4], "texture": "#1"},
				"up": {"uv": [5, 0, 0, 0], "rotation": 180, "texture": "#1"},
				"down": {"uv": [5, 0, 0, 0], "rotation": 180, "texture": "#1"}
			}
		},
		{
			"from": [-3, 3, 6],
			"to": [2, 3, 10],
			"rotation": {"angle": -22.5, "axis": "y", "origin": [10, 2, 10]},
			"faces": {
				"north": {"uv": [5, 0, 0, 0], "texture": "#1"},
				"east": {"uv": [0, 0, 0, 4], "rotation": 90, "texture": "#1"},
				"south": {"uv": [5, 0, 0, 0], "rotation": 180, "texture": "#1"},
				"west": {"uv": [0, 0, 0, 4], "rotation": 270, "texture": "#1"},
				"up": {"uv": [5, 0, 0, 4], "texture": "#1"},
				"down": {"uv": [0, 0, 5, 4], "rotation": 180, "texture": "#1"}
			}
		},
		{
			"from": [8, 2, 7],
			"to": [10, 4, 8],
			"rotation": {"angle": -22.5, "axis": "y", "origin": [10, 2, 10]},
			"faces": {
				"north": {"uv": [11, 2, 13, 4], "texture": "#1"},
				"east": {"uv": [9, 8, 10, 10], "texture": "#1"},
				"south": {"uv": [11, 0, 13, 2], "texture": "#1"},
				"west": {"uv": [8, 8, 9, 10], "texture": "#1"},
				"up": {"uv": [11, 5, 9, 4], "rotation": 180, "texture": "#1"},
				"down": {"uv": [11, 5, 9, 6], "rotation": 180, "texture": "#1"}
			}
		},
		{
			"from": [2, 2, 7],
			"to": [8, 4, 9],
			"rotation": {"angle": -22.5, "axis": "y", "origin": [10, 2, 10]},
			"faces": {
				"north": {"uv": [5, 2, 11, 4], "texture": "#1"},
				"east": {"uv": [6, 8, 8, 10], "texture": "#1"},
				"south": {"uv": [5, 0, 11, 2], "texture": "#1"},
				"west": {"uv": [6, 8, 8, 10], "texture": "#1"},
				"up": {"uv": [11, 6, 5, 4], "rotation": 180, "texture": "#1"},
				"down": {"uv": [11, 4, 5, 6], "rotation": 180, "texture": "#1"}
			}
		},
		{
			"from": [6, -1, 12],
			"to": [6, 3, 17],
			"rotation": {"angle": -22.5, "axis": "y", "origin": [8, 0, 4]},
			"faces": {
				"north": {"uv": [0, 0, 0, 4], "texture": "#1"},
				"east": {"uv": [5, 0, 0, 4], "texture": "#1"},
				"south": {"uv": [0, 0, 0, 4], "texture": "#1"},
				"west": {"uv": [0, 0, 5, 4], "texture": "#1"},
				"up": {"uv": [5, 0, 0, 0], "rotation": 90, "texture": "#1"},
				"down": {"uv": [5, 0, 0, 0], "rotation": 270, "texture": "#1"}
			}
		},
		{
			"from": [4, 1, 12],
			"to": [8, 1, 17],
			"rotation": {"angle": -22.5, "axis": "y", "origin": [8, 0, 4]},
			"faces": {
				"north": {"uv": [0, 0, 0, 4], "rotation": 90, "texture": "#1"},
				"east": {"uv": [5, 0, 0, 0], "rotation": 180, "texture": "#1"},
				"south": {"uv": [0, 0, 0, 4], "rotation": 270, "texture": "#1"},
				"west": {"uv": [5, 0, 0, 0], "texture": "#1"},
				"up": {"uv": [5, 0, 0, 4], "rotation": 270, "texture": "#1"},
				"down": {"uv": [0, 0, 5, 4], "rotation": 270, "texture": "#1"}
			}
		},
		{
			"from": [5, 0, 4],
			"to": [6, 2, 6],
			"rotation": {"angle": -22.5, "axis": "y", "origin": [8, 0, 4]},
			"faces": {
				"north": {"uv": [9, 8, 10, 10], "texture": "#1"},
				"east": {"uv": [11, 0, 13, 2], "texture": "#1"},
				"south": {"uv": [8, 8, 9, 10], "texture": "#1"},
				"west": {"uv": [11, 2, 13, 4], "texture": "#1"},
				"up": {"uv": [11, 5, 9, 4], "rotation": 90, "texture": "#1"},
				"down": {"uv": [11, 5, 9, 6], "rotation": 270, "texture": "#1"}
			}
		},
		{
			"from": [5, 0, 6],
			"to": [7, 2, 12],
			"rotation": {"angle": -22.5, "axis": "y", "origin": [8, 0, 4]},
			"faces": {
				"north": {"uv": [6, 8, 8, 10], "texture": "#1"},
				"east": {"uv": [5, 0, 11, 2], "texture": "#1"},
				"south": {"uv": [6, 8, 8, 10], "texture": "#1"},
				"west": {"uv": [5, 2, 11, 4], "texture": "#1"},
				"up": {"uv": [11, 6, 5, 4], "rotation": 90, "texture": "#1"},
				"down": {"uv": [11, 4, 5, 6], "rotation": 270, "texture": "#1"}
			}
		}
	],
	"groups": [
		{
			"name": "carrot",
			"origin": [0, 1, 0],
			"color": 0,
			"children": [0, 1, 2, 3]
		},
		{
			"name": "carrot",
			"origin": [0, 1, 0],
			"color": 0,
			"children": [4, 5, 6, 7]
		},
		{
			"name": "carrot",
			"origin": [0, 1, 0],
			"color": 0,
			"children": [8, 9, 10, 11]
		}
	]
}