{
	"credit": "Made with Blockbench",
	"textures": {
		"1": "produce/golden_carrot"
	},
	"elements": [
		{
			"from": [13, -1, 4],
			"to": [18, 3, 4],
			"rotation": {"angle": -45, "axis": "y", "origin": [5, 0, 2]},
			"faces": {
				"north": {"uv": [5, 0, 0, 4], "texture": "#1"},
				"east": {"uv": [0, 0, 0, 4], "texture": "#1"},
				"south": {"uv": [0, 0, 5, 4], "texture": "#1"},
				"west": {"uv": [0, 0, 0, 4], "texture": "#1"},
				"up": {"uv": [5, 0, 0, 0], "texture": "#1"},
				"down": {"uv": [5, 0, 0, 0], "texture": "#1"}
			}
		},
		{
			"from": [13, 1, 2],
			"to": [18, 1, 6],
			"rotation": {"angle": -45, "axis": "y", "origin": [5, 0, 2]},
			"faces": {
				"north": {"uv": [5, 0, 0, 0], "rotation": 180, "texture": "#1"},
				"east": {"uv": [0, 0, 0, 4], "rotation": 270, "texture": "#1"},
				"south": {"uv": [5, 0, 0, 0], "texture": "#1"},
				"west": {"uv": [0, 0, 0, 4], "rotation": 90, "texture": "#1"},
				"up": {"uv": [5, 0, 0, 4], "rotation": 180, "texture": "#1"},
				"down": {"uv": [0, 0, 5, 4], "texture": "#1"}
			}
		},
		{
			"from": [5, 0, 4],
			"to": [7, 2, 5],
			"rotation": {"angle": -45, "axis": "y", "origin": [5, 0, 2]},
			"faces": {
				"north": {"uv": [11, 0, 13, 2], "texture": "#1"},
				"east": {"uv": [8, 8, 9, 10], "texture": "#1"},
				"south": {"uv": [11, 2, 13, 4], "texture": "#1"},
				"west": {"uv": [9, 8, 10, 10], "texture": "#1"},
				"up": {"uv": [11, 5, 9, 4], "texture": "#1"},
				"down": {"uv": [11, 5, 9, 6], "texture": "#1"}
			}
		},
		{
			"from": [7, 0, 3],
			"to": [13, 2, 5],
			"rotation": {"angle": -45, "axis": "y", "origin": [5, 0, 2]},
			"faces": {
				"north": {"uv": [5, 0, 11, 2], "texture": "#1"},
				"east": {"uv": [6, 8, 8, 10], "texture": "#1"},
				"south": {"uv": [5, 2, 11, 4], "texture": "#1"},
				"west": {"uv": [6, 8, 8, 10], "texture": "#1"},
				"up": {"uv": [11, 6, 5, 4], "texture": "#1"},
				"down": {"uv": [11, 4, 5, 6], "texture": "#1"}
			}
		}
	],
	"groups": [
		{
			"name": "golden_carrot",
			"origin": [0, 1, 0],
			"color": 0,
			"children": [0, 1, 2, 3]
		}
	]
}