{
	"credit": "Made with Blockbench",
	"textures": {
		"1": "produce/beet"
	},
	"elements": [
		{
			"from": [10, -1, 9.5],
			"to": [14, 4, 9.5],
			"rotation": {"angle": -22.5, "axis": "y", "origin": [4, 0, 7.5]},
			"faces": {
				"north": {"uv": [0, 0, 4, 5], "texture": "#1"},
				"east": {"uv": [0, 0, 0, 5], "texture": "#1"},
				"south": {"uv": [4, 0, 0, 5], "texture": "#1"},
				"west": {"uv": [0, 0, 0, 5], "texture": "#1"},
				"up": {"uv": [4, 0, 0, 0], "texture": "#1"},
				"down": {"uv": [4, 0, 0, 0], "texture": "#1"}
			}
		},
		{
			"from": [10, 1.5, 7],
			"to": [14, 1.5, 12],
			"rotation": {"angle": -22.5, "axis": "y", "origin": [4, 0, 7.5]},
			"faces": {
				"north": {"uv": [0, 0, 4, 0], "texture": "#1"},
				"east": {"uv": [0, 0, 5, 0], "texture": "#1"},
				"south": {"uv": [0, 0, 4, 0], "texture": "#1"},
				"west": {"uv": [0, 0, 5, 0], "texture": "#1"},
				"up": {"uv": [4, 5, 0, 0], "texture": "#1"},
				"down": {"uv": [0, 0, 4, 5], "texture": "#1"}
			}
		},
		{
			"from": [4, 0.5, 8.5],
			"to": [5, 2.5, 10.5],
			"rotation": {"angle": -22.5, "axis": "y", "origin": [4, 0, 7.5]},
			"faces": {
				"north": {"uv": [8, 12, 9, 14], "texture": "#1"},
				"east": {"uv": [6, 10, 8, 12], "texture": "#1"},
				"south": {"uv": [8, 12, 9, 14], "texture": "#1"},
				"west": {"uv": [6, 12, 8, 14], "texture": "#1"},
				"up": {"uv": [11, 14, 10, 12], "texture": "#1"},
				"down": {"uv": [11, 12, 10, 14], "texture": "#1"}
			}
		},
		{
			"from": [5, 0, 8],
			"to": [10, 3, 11],
			"rotation": {"angle": -22.5, "axis": "y", "origin": [4, 0, 7.5]},
			"faces": {
				"north": {"uv": [8, 0, 13, 3], "texture": "#1"},
				"east": {"uv": [0, 10, 3, 13], "texture": "#1"},
				"south": {"uv": [8, 0, 13, 3], "texture": "#1"},
				"west": {"uv": [0, 10, 3, 13], "texture": "#1"},
				"up": {"uv": [13, 9, 8, 6], "texture": "#1"},
				"down": {"uv": [13, 6, 8, 9], "texture": "#1"}
			}
		},
		{
			"from": [4, -1, 3.5],
			"to": [8, 4, 3.5],
			"rotation": {"angle": 22.5, "axis": "y", "origin": [14, 0, 5.5]},
			"faces": {
				"north": {"uv": [4, 0, 0, 5], "texture": "#1"},
				"east": {"uv": [0, 0, 0, 5], "texture": "#1"},
				"south": {"uv": [0, 0, 4, 5], "texture": "#1"},
				"west": {"uv": [0, 0, 0, 5], "texture": "#1"},
				"up": {"uv": [4, 0, 0, 0], "rotation": 180, "texture": "#1"},
				"down": {"uv": [4, 0, 0, 0], "rotation": 180, "texture": "#1"}
			}
		},
		{
			"from": [4, 1.5, 1],
			"to": [8, 1.5, 6],
			"rotation": {"angle": 22.5, "axis": "y", "origin": [14, 0, 5.5]},
			"faces": {
				"north": {"uv": [0, 0, 4, 0], "texture": "#1"},
				"east": {"uv": [0, 0, 5, 0], "texture": "#1"},
				"south": {"uv": [0, 0, 4, 0], "texture": "#1"},
				"west": {"uv": [0, 0, 5, 0], "texture": "#1"},
				"up": {"uv": [4, 5, 0, 0], "rotation": 180, "texture": "#1"},
				"down": {"uv": [0, 0, 4, 5], "rotation": 180, "texture": "#1"}
			}
		},
		{
			"from": [13, 0.5, 2.5],
			"to": [14, 2.5, 4.5],
			"rotation": {"angle": 22.5, "axis": "y", "origin": [14, 0, 5.5]},
			"faces": {
				"north": {"uv": [8, 12, 9, 14], "texture": "#1"},
				"east": {"uv": [6, 12, 8, 14], "texture": "#1"},
				"south": {"uv": [8, 12, 9, 14], "texture": "#1"},
				"west": {"uv": [6, 10, 8, 12], "texture": "#1"},
				"up": {"uv": [11, 14, 10, 12], "rotation": 180, "texture": "#1"},
				"down": {"uv": [11, 12, 10, 14], "rotation": 180, "texture": "#1"}
			}
		},
		{
			"from": [8, 0, 2],
			"to": [13, 3, 5],
			"rotation": {"angle": 22.5, "axis": "y", "origin": [14, 0, 5.5]},
			"faces": {
				"north": {"uv": [8, 0, 13, 3], "texture": "#1"},
				"east": {"uv": [0, 10, 3, 13], "texture": "#1"},
				"south": {"uv": [8, 0, 13, 3], "texture": "#1"},
				"west": {"uv": [0, 10, 3, 13], "texture": "#1"},
				"up": {"uv": [13, 9, 8, 6], "rotation": 180, "texture": "#1"},
				"down": {"uv": [13, 6, 8, 9], "rotation": 180, "texture": "#1"}
			}
		}
	],
	"groups": [
		{
			"name": "beet",
			"origin": [0, 1, 0],
			"color": 0,
			"children": [0, 1, 2, 3]
		},
		{
			"name": "beet",
			"origin": [0, 1, 0],
			"color": 0,
			"children": [4, 5, 6, 7]
		}
	]
}