{
	"credit": "Made with Blockbench",
	"textures": {
		"4": "produce/beet"
	},
	"elements": [
		{
			"from": [11, -1, 6.5],
			"to": [15, 4, 6.5],
			"rotation": {"angle": -22.5, "axis": "y", "origin": [5, 0, 4.5]},
			"faces": {
				"north": {"uv": [0, 0, 4, 5], "texture": "#4"},
				"east": {"uv": [0, 0, 0, 5], "texture": "#4"},
				"south": {"uv": [4, 0, 0, 5], "texture": "#4"},
				"west": {"uv": [0, 0, 0, 5], "texture": "#4"},
				"up": {"uv": [4, 0, 0, 0], "texture": "#4"},
				"down": {"uv": [4, 0, 0, 0], "texture": "#4"}
			}
		},
		{
			"from": [11, 1.5, 4],
			"to": [15, 1.5, 9],
			"rotation": {"angle": -22.5, "axis": "y", "origin": [5, 0, 4.5]},
			"faces": {
				"north": {"uv": [0, 0, 4, 0], "texture": "#4"},
				"east": {"uv": [0, 0, 5, 0], "texture": "#4"},
				"south": {"uv": [0, 0, 4, 0], "texture": "#4"},
				"west": {"uv": [0, 0, 5, 0], "texture": "#4"},
				"up": {"uv": [4, 5, 0, 0], "texture": "#4"},
				"down": {"uv": [0, 0, 4, 5], "texture": "#4"}
			}
		},
		{
			"from": [5, 0.5, 5.5],
			"to": [6, 2.5, 7.5],
			"rotation": {"angle": -22.5, "axis": "y", "origin": [5, 0, 4.5]},
			"faces": {
				"north": {"uv": [8, 12, 9, 14], "texture": "#4"},
				"east": {"uv": [6, 10, 8, 12], "texture": "#4"},
				"south": {"uv": [8, 12, 9, 14], "texture": "#4"},
				"west": {"uv": [6, 12, 8, 14], "texture": "#4"},
				"up": {"uv": [11, 14, 10, 12], "texture": "#4"},
				"down": {"uv": [11, 12, 10, 14], "texture": "#4"}
			}
		},
		{
			"from": [6, 0, 5],
			"to": [11, 3, 8],
			"rotation": {"angle": -22.5, "axis": "y", "origin": [5, 0, 4.5]},
			"faces": {
				"north": {"uv": [8, 0, 13, 3], "texture": "#4"},
				"east": {"uv": [0, 10, 3, 13], "texture": "#4"},
				"south": {"uv": [8, 0, 13, 3], "texture": "#4"},
				"west": {"uv": [0, 10, 3, 13], "texture": "#4"},
				"up": {"uv": [13, 9, 8, 6], "texture": "#4"},
				"down": {"uv": [13, 6, 8, 9], "texture": "#4"}
			}
		}
	],
	"groups": [
		{
			"name": "beet",
			"origin": [0, 1, 0],
			"color": 0,
			"children": [0, 1, 2, 3]
		}
	]
}