{
	"credit": "Made with Blockbench",
	"textures": {
		"3": "beet pile",
		"4": "beet",
		"particle": "carrot pile"
	},
	"elements": [
		{
			"from": [9, 0, 8.5],
			"to": [13, 5, 8.5],
			"rotation": {"angle": 0, "axis": "y", "origin": [1, 1, 7.5]},
			"faces": {
				"north": {"uv": [0, 0, 4, 5], "texture": "#4"},
				"east": {"uv": [0, 0, 0, 5], "texture": "#4"},
				"south": {"uv": [4, 0, 0, 5], "texture": "#4"},
				"west": {"uv": [0, 0, 0, 5], "texture": "#4"},
				"up": {"uv": [4, 0, 0, 0], "texture": "#4"},
				"down": {"uv": [4, 0, 0, 0], "texture": "#4"}
			}
		},
		{
			"from": [9, 2.5, 6],
			"to": [13, 2.5, 11],
			"rotation": {"angle": 0, "axis": "x", "origin": [1, 3.5, 7]},
			"faces": {
				"north": {"uv": [0, 0, 4, 0], "texture": "#4"},
				"east": {"uv": [0, 0, 5, 0], "texture": "#4"},
				"south": {"uv": [0, 0, 4, 0], "texture": "#4"},
				"west": {"uv": [0, 0, 5, 0], "texture": "#4"},
				"up": {"uv": [4, 5, 0, 0], "texture": "#4"},
				"down": {"uv": [0, 0, 4, 5], "texture": "#4"}
			}
		},
		{
			"from": [3, 1.5, 7.5],
			"to": [4, 3.5, 9.5],
			"rotation": {"angle": 0, "axis": "y", "origin": [2, 1.5, 6.5]},
			"faces": {
				"north": {"uv": [8, 12, 9, 14], "texture": "#4"},
				"east": {"uv": [6, 10, 8, 12], "texture": "#4"},
				"south": {"uv": [8, 12, 9, 14], "texture": "#4"},
				"west": {"uv": [6, 12, 8, 14], "texture": "#4"},
				"up": {"uv": [11, 14, 10, 12], "texture": "#4"},
				"down": {"uv": [11, 12, 10, 14], "texture": "#4"}
			}
		},
		{
			"from": [4, 1, 7],
			"to": [9, 4, 10],
			"rotation": {"angle": 0, "axis": "y", "origin": [1, 1, 7]},
			"faces": {
				"north": {"uv": [8, 0, 13, 3], "texture": "#4"},
				"east": {"uv": [0, 10, 3, 13], "texture": "#4"},
				"south": {"uv": [8, 0, 13, 3], "texture": "#4"},
				"west": {"uv": [0, 10, 3, 13], "texture": "#4"},
				"up": {"uv": [13, 9, 8, 6], "texture": "#4"},
				"down": {"uv": [13, 6, 8, 9], "texture": "#4"}
			}
		},
		{
			"from": [5, 0, 6],
			"to": [11, 1, 11],
			"rotation": {"angle": 0, "axis": "y", "origin": [4, 0, 7]},
			"faces": {
				"north": {"uv": [5.5, 7, 8.5, 7.5], "texture": "#3"},
				"east": {"uv": [5.5, 7, 8, 7.5], "texture": "#3"},
				"south": {"uv": [5.5, 7, 8.5, 7.5], "texture": "#3"},
				"west": {"uv": [5.5, 7, 8, 7.5], "texture": "#3"},
				"up": {"uv": [3, 2.5, 0, 0], "texture": "#3"},
				"down": {"uv": [3, 2.5, 0, 5], "texture": "#3"}
			}
		},
		{
			"from": [6, 0, 5],
			"to": [10, 1, 12],
			"rotation": {"angle": 0, "axis": "y", "origin": [4, 0, 7]},
			"faces": {
				"north": {"uv": [6, 7, 8, 7.5], "texture": "#3"},
				"east": {"uv": [5, 7, 8.5, 7.5], "texture": "#3"},
				"south": {"uv": [6, 7, 8, 7.5], "texture": "#3"},
				"west": {"uv": [5, 7, 8.5, 7.5], "texture": "#3"},
				"up": {"uv": [2.5, 3.5, 0.5, 0], "texture": "#3"},
				"down": {"uv": [5, 3.5, 3, 7], "texture": "#3"}
			}
		},
		{
			"from": [4, 0, 7],
			"to": [12, 1, 10],
			"rotation": {"angle": 0, "axis": "y", "origin": [4, 0, 7]},
			"faces": {
				"north": {"uv": [5, 7, 9, 7.5], "texture": "#3"},
				"east": {"uv": [6, 7, 7.5, 7.5], "texture": "#3"},
				"south": {"uv": [5, 7, 9, 7.5], "texture": "#3"},
				"west": {"uv": [6, 7, 7.5, 7.5], "texture": "#3"},
				"up": {"uv": [4, 2.5, 0, 1], "texture": "#3"},
				"down": {"uv": [9, 1.5, 5, 3], "texture": "#3"}
			}
		},
		{
			"from": [6, 0, 7],
			"to": [8, 2.25, 10],
			"rotation": {"angle": 0, "axis": "y", "origin": [6, 0, 6]},
			"faces": {
				"north": {"uv": [9, 4, 10, 5], "texture": "#3"},
				"east": {"uv": [7, 4, 8.5, 5], "texture": "#3"},
				"south": {"uv": [9, 4, 10, 5], "texture": "#3"},
				"west": {"uv": [7.5, 4, 9, 5], "texture": "#3"},
				"up": {"uv": [2, 2, 1, 0.5], "texture": "#3"},
				"down": {"uv": [4, 5.5, 3, 7], "texture": "#3"}
			}
		},
		{
			"from": [5, 0, 7],
			"to": [11, 1.5, 10],
			"rotation": {"angle": 0, "axis": "y", "origin": [0, 0, -2]},
			"faces": {
				"north": {"uv": [7, 3, 10, 4], "texture": "#3"},
				"east": {"uv": [9, 7, 10.5, 8], "texture": "#3"},
				"south": {"uv": [7, 4, 10, 5], "texture": "#3"},
				"west": {"uv": [7.5, 4, 9, 5], "texture": "#3"},
				"up": {"uv": [3, 2.5, 0, 1], "texture": "#3"},
				"down": {"uv": [3, 3.5, 0, 5], "texture": "#3"}
			}
		},
		{
			"from": [6, 1, 6],
			"to": [10, 1.75, 11],
			"rotation": {"angle": 0, "axis": "y", "origin": [8, 1, 9]},
			"faces": {
				"north": {"uv": [7.5, 3, 9.5, 3.5], "texture": "#3"},
				"east": {"uv": [8.5, 7.5, 11, 8], "texture": "#3"},
				"south": {"uv": [7.5, 4, 9.5, 4.5], "texture": "#3"},
				"west": {"uv": [7, 4, 9.5, 4.5], "texture": "#3"},
				"up": {"uv": [2.5, 2.5, 0.5, 0], "texture": "#3"},
				"down": {"uv": [7, 3, 5, 5.5], "texture": "#3"}
			}
		}
	],
	"groups": [
		{
			"name": "carrot",
			"origin": [0, 1, 0],
			"color": 0,
			"children": [0, 1, 2, 3]
		},
		{
			"name": "pile",
			"origin": [0, 0, 0],
			"color": 0,
			"children": [4, 5, 6, 7, 8, 9]
		}
	]
}