{
	"credit": "Made with Blockbench",
	"texture_size": [32, 32],
	"textures": {
		"0": "ender/overlay",
		"1": "ender/ender_pearl",
		"particle": "ender/overlay"
	},
	"elements": [
		{
			"name": "core",
			"from": [2, 0.5, 9],
			"to": [7, 5.5, 14],
			"rotation": {"angle": 0, "axis": "y", "origin": [4.5, 3, 11.5]},
			"faces": {
				"north": {"uv": [0, 0, 2.5, 2.5], "texture": "#1"},
				"east": {"uv": [0, 2.5, 2.5, 5], "texture": "#1"},
				"south": {"uv": [0, 0, 2.5, 2.5], "texture": "#1"},
				"west": {"uv": [0, 2.5, 2.5, 5], "texture": "#1"},
				"up": {"uv": [2.5, 5, 0, 2.5], "texture": "#1"},
				"down": {"uv": [2.5, 2.5, 0, 5], "texture": "#1"}
			}
		},
		{
			"name": "overlay",
			"from": [1.5, 0, 8.5],
			"to": [7.5, 6, 14.5],
			"rotation": {"angle": 0, "axis": "y", "origin": [4.5, 3, 11.5]},
			"faces": {
				"north": {"uv": [0, 0, 2.5, 2.5], "texture": "#0"},
				"east": {"uv": [0, 2.5, 2.5, 5], "texture": "#0"},
				"south": {"uv": [0, 0, 2.5, 2.5], "texture": "#0"},
				"west": {"uv": [0, 2.5, 2.5, 5], "texture": "#0"},
				"up": {"uv": [2.5, 5, 0, 2.5], "texture": "#0"},
				"down": {"uv": [2.5, 2.5, 0, 5], "texture": "#0"}
			}
		},
		{
			"name": "core",
			"from": [9, 0.5, 9],
			"to": [14, 5.5, 14],
			"rotation": {"angle": 0, "axis": "y", "origin": [11.5, 3, 11.5]},
			"faces": {
				"north": {"uv": [0, 0, 2.5, 2.5], "texture": "#1"},
				"east": {"uv": [0, 2.5, 2.5, 5], "texture": "#1"},
				"south": {"uv": [0, 0, 2.5, 2.5], "texture": "#1"},
				"west": {"uv": [0, 2.5, 2.5, 5], "texture": "#1"},
				"up": {"uv": [2.5, 5, 0, 2.5], "texture": "#1"},
				"down": {"uv": [2.5, 2.5, 0, 5], "texture": "#1"}
			}
		},
		{
			"name": "overlay",
			"from": [8.5, 0, 8.5],
			"to": [14.5, 6, 14.5],
			"rotation": {"angle": 0, "axis": "y", "origin": [11.5, 3, 11.5]},
			"faces": {
				"north": {"uv": [0, 0, 2.5, 2.5], "texture": "#0"},
				"east": {"uv": [0, 2.5, 2.5, 5], "texture": "#0"},
				"south": {"uv": [0, 0, 2.5, 2.5], "texture": "#0"},
				"west": {"uv": [0, 2.5, 2.5, 5], "texture": "#0"},
				"up": {"uv": [2.5, 5, 0, 2.5], "texture": "#0"},
				"down": {"uv": [2.5, 2.5, 0, 5], "texture": "#0"}
			}
		},
		{
			"name": "core",
			"from": [2, 0.5, 2],
			"to": [7, 5.5, 7],
			"rotation": {"angle": 0, "axis": "y", "origin": [4.5, 3, 4.5]},
			"faces": {
				"north": {"uv": [0, 0, 2.5, 2.5], "texture": "#1"},
				"east": {"uv": [0, 2.5, 2.5, 5], "texture": "#1"},
				"south": {"uv": [0, 0, 2.5, 2.5], "texture": "#1"},
				"west": {"uv": [0, 2.5, 2.5, 5], "texture": "#1"},
				"up": {"uv": [2.5, 5, 0, 2.5], "texture": "#1"},
				"down": {"uv": [2.5, 2.5, 0, 5], "texture": "#1"}
			}
		},
		{
			"name": "overlay",
			"from": [1.5, 0, 1.5],
			"to": [7.5, 6, 7.5],
			"rotation": {"angle": 0, "axis": "y", "origin": [4.5, 3, 4.5]},
			"faces": {
				"north": {"uv": [0, 0, 2.5, 2.5], "texture": "#0"},
				"east": {"uv": [0, 2.5, 2.5, 5], "texture": "#0"},
				"south": {"uv": [0, 0, 2.5, 2.5], "texture": "#0"},
				"west": {"uv": [0, 2.5, 2.5, 5], "texture": "#0"},
				"up": {"uv": [2.5, 5, 0, 2.5], "texture": "#0"},
				"down": {"uv": [2.5, 2.5, 0, 5], "texture": "#0"}
			}
		},
		{
			"name": "core",
			"from": [9, 0.5, 2],
			"to": [14, 5.5, 7],
			"rotation": {"angle": 0, "axis": "y", "origin": [11.5, 3, 4.5]},
			"faces": {
				"north": {"uv": [0, 0, 2.5, 2.5], "texture": "#1"},
				"east": {"uv": [0, 2.5, 2.5, 5], "texture": "#1"},
				"south": {"uv": [0, 0, 2.5, 2.5], "texture": "#1"},
				"west": {"uv": [0, 2.5, 2.5, 5], "texture": "#1"},
				"up": {"uv": [2.5, 5, 0, 2.5], "texture": "#1"},
				"down": {"uv": [2.5, 2.5, 0, 5], "texture": "#1"}
			}
		},
		{
			"name": "overlay",
			"from": [8.5, 0, 1.5],
			"to": [14.5, 6, 7.5],
			"rotation": {"angle": 0, "axis": "y", "origin": [11.5, 3, 4.5]},
			"faces": {
				"north": {"uv": [0, 0, 2.5, 2.5], "texture": "#0"},
				"east": {"uv": [0, 2.5, 2.5, 5], "texture": "#0"},
				"south": {"uv": [0, 0, 2.5, 2.5], "texture": "#0"},
				"west": {"uv": [0, 2.5, 2.5, 5], "texture": "#0"},
				"up": {"uv": [2.5, 5, 0, 2.5], "texture": "#0"},
				"down": {"uv": [2.5, 2.5, 0, 5], "texture": "#0"}
			}
		}
	],
	"groups": [
		{
			"name": "pearl",
			"origin": [6, 3, 6],
			"color": 0,
			"children": [0, 1]
		},
		{
			"name": "pearl",
			"origin": [6, 3, 6],
			"color": 0,
			"children": [2, 3]
		},
		{
			"name": "pearl",
			"origin": [6, 3, 6],
			"color": 0,
			"children": [4, 5]
		},
		{
			"name": "pearl",
			"origin": [6, 3, 6],
			"color": 0,
			"children": [6, 7]
		}
	]
}