{
    "parent": "item/generated",
    "textures": {
        "layer0": "item/apple"
    },
    "overrides": [
        {
            "predicate": {"custom_model_data": 1882600},
            "model": "item/pile_apples/apple_1"
        },
        {
            "predicate": {"custom_model_data": 1882601},
            "model": "item/pile_apples/apple_2"
        },
        {
            "predicate": {"custom_model_data": 1882602},
            "model": "item/pile_apples/apple_3"
        },
        {
            "predicate": {"custom_model_data": 1882603},
            "model": "item/pile_apples/apple_4"
        },
        {
            "predicate": {"custom_model_data": 1882604},
            "model": "item/pile_apples/apple_5"
        },
        {
            "predicate": {"custom_model_data": 1882605},
            "model": "item/pile_apples/apple_6"
        },
        {
            "predicate": {"custom_model_data": 1882606},
            "model": "item/pile_apples/apple_7"
        },
        {
            "predicate": {"custom_model_data": 1882607},
            "model": "item/pile_apples/apple_8"
        },
        {
            "predicate": {"custom_model_data": 1882608},
            "model": "item/pile_apples/apple_9"
        },
        {
            "predicate": {"custom_model_data": 1882609},
            "model": "item/pile_apples/apple_10"
        },
        {
            "predicate": {"custom_model_data": 1882610},
            "model": "item/pile_apples/apple_11"
        },
        {
            "predicate": {"custom_model_data": 1882611},
            "model": "item/pile_apples/apple_12"
        },
        {
            "predicate": {"custom_model_data": 1882612},
            "model": "item/pile_apples/apple_13"
        },
        {
            "predicate": {"custom_model_data": 1882613},
            "model": "item/pile_apples/apple_14"
        }
    ]
}