{
    "parent": "item/generated",
    "textures": {
        "layer0": "item/black_dye"
    },
    "overrides": [
        {
            "predicate": {"custom_model_data": 1882600},
            "model": "item/pile_blackstone/stacked_blackstone_1"
        },
        {
            "predicate": {"custom_model_data": 1882601},
            "model": "item/pile_blackstone/stacked_blackstone_2"
        },
        {
            "predicate": {"custom_model_data": 1882602},
            "model": "item/pile_blackstone/stacked_blackstone_3"
        },
        {
            "predicate": {"custom_model_data": 1882603},
            "model": "item/pile_blackstone/stacked_blackstone_4"
        },
        {
            "predicate": {"custom_model_data": 1882604},
            "model": "item/pile_blackstone/stacked_blackstone_5"
        },
        {
            "predicate": {"custom_model_data": 1882605},
            "model": "item/pile_blackstone/stacked_blackstone_6"
        },
        {
            "predicate": {"custom_model_data": 1882606},
            "model": "item/pile_blackstone/stacked_blackstone_7"
        },
        {
            "predicate": {"custom_model_data": 1882607},
            "model": "item/pile_blackstone/stacked_blackstone_8"
        },
        {
            "predicate": {"custom_model_data": 1882608},
            "model": "item/pile_blackstone/stacked_blackstone_9"
        },
        {
            "predicate": {"custom_model_data": 1882609},
            "model": "item/pile_blackstone/stacked_blackstone_10"
        },
        {
            "predicate": {"custom_model_data": 1882610},
            "model": "item/pile_blackstone/stacked_blackstone_11"
        },
        {
            "predicate": {"custom_model_data": 1882611},
            "model": "item/pile_blackstone/stacked_blackstone_12"
        },
        {
            "predicate": {"custom_model_data": 1882612},
            "model": "item/pile_blackstone/stacked_blackstone_13"
        },
        {
            "predicate": {"custom_model_data": 1882613},
            "model": "item/pile_blackstone/stacked_blackstone_14"
        },
        {
            "predicate": {"custom_model_data": 1882614},
            "model": "item/pile_blackstone/stacked_blackstone_15"
        },
        {
            "predicate": {"custom_model_data": 1882615},
            "model": "item/pile_blackstone/stacked_blackstone_16"
        },
        {
            "predicate": {"custom_model_data": 1882616},
            "model": "item/pile_blackstone/stacked_blackstone_17"
        },
        {
            "predicate": {"custom_model_data": 1882617},
            "model": "item/pile_blackstone/stacked_blackstone_18"
        },
        {
            "predicate": {"custom_model_data": 1882618},
            "model": "item/pile_blackstone/stacked_blackstone_19"
        },
        {
            "predicate": {"custom_model_data": 1882619},
            "model": "item/pile_blackstone/stacked_blackstone_20"
        },
        {
            "predicate": {"custom_model_data": 1882620},
            "model": "item/pile_blackstone/stacked_blackstone_21"
        },
        {
            "predicate": {"custom_model_data": 1882621},
            "model": "item/pile_blackstone/stacked_blackstone_22"
        },
        {
            "predicate": {"custom_model_data": 1882622},
            "model": "item/pile_blackstone/stacked_blackstone_23"
        },
        {
            "predicate": {"custom_model_data": 1882623},
            "model": "item/pile_blackstone/stacked_blackstone_24"
        }
    ]
}