{
    "parent": "item/generated",
    "textures": {
        "layer0": "item/book"
    },
    "overrides": [
        {
            "predicate": {"custom_model_data": 1882600},
            "model": "item/pile_books/book_1"
        },
        {
            "predicate": {"custom_model_data": 1882601},
            "model": "item/pile_books/book_2"
        },
        {
            "predicate": {"custom_model_data": 1882602},
            "model": "item/pile_books/book_3"
        },
        {
            "predicate": {"custom_model_data": 1882603},
            "model": "item/pile_books/book_4"
        },
        {
            "predicate": {"custom_model_data": 1882604},
            "model": "item/pile_books/book_5"
        },
        {
            "predicate": {"custom_model_data": 1882605},
            "model": "item/pile_books/book_6"
        },
        {
            "predicate": {"custom_model_data": 1882606},
            "model": "item/pile_books/book_7"
        },
        {
            "predicate": {"custom_model_data": 1882607},
            "model": "item/pile_books/book_8"
        },
        {
            "predicate": {"custom_model_data": 1882608},
            "model": "item/pile_books/book_9"
        }
    ]
}