{
    "parent": "item/generated",
    "textures": {
        "layer0": "item/bread"
    },
    "overrides": [
        {
            "predicate": {"custom_model_data": 1882600},
            "model": "item/pile_bread/bread_1"
        },
        {
            "predicate": {"custom_model_data": 1882601},
            "model": "item/pile_bread/bread_2"
        },
        {
            "predicate": {"custom_model_data": 1882602},
            "model": "item/pile_bread/bread_3"
        }
    ]
}