{
    "parent": "item/generated",
    "textures": {
        "layer0": "item/brown_dye"
    },
    "overrides": [
        {
            "predicate": {"custom_model_data": 1882600},
            "model": "item/pile_jars/cookies/cookies_1"
        },
        {
            "predicate": {"custom_model_data": 1882601},
            "model": "item/pile_jars/cookies/cookies_2"
        },
        {
            "predicate": {"custom_model_data": 1882602},
            "model": "item/pile_jars/cookies/cookies_3"
        },
        {
            "predicate": {"custom_model_data": 1882603},
            "model": "item/pile_jars/cookies/cookies_4"
        },
        {
            "predicate": {"custom_model_data": 1882604},
            "model": "item/pile_jars/cookies/cookies_5"
        },
        {
            "predicate": {"custom_model_data": 1882605},
            "model": "item/pile_jars/cookies/cookies_6"
        },
        {
            "predicate": {"custom_model_data": 1882606},
            "model": "item/pile_jars/cookies/cookies_7"
        },
        {
            "predicate": {"custom_model_data": 1882607},
            "model": "item/pile_jars/cookies/cookies_8"
        },
        {
            "predicate": {"custom_model_data": 1882608},
            "model": "item/pile_jars/cookies/cookies_9"
        },
        {
            "predicate": {"custom_model_data": 1882609},
            "model": "item/pile_jars/cookies/cookies_10"
        },
        {
            "predicate": {"custom_model_data": 1882610},
            "model": "item/pile_jars/cookies/cookies_11"
        },
        {
            "predicate": {"custom_model_data": 1882611},
            "model": "item/pile_jars/cookies/cookies_12"
        },
        {
            "predicate": {"custom_model_data": 1882612},
            "model": "item/pile_jars/cookies/cookies_13"
        },
        {
            "predicate": {"custom_model_data": 1882613},
            "model": "item/pile_jars/cookies/cookies_14"
        },
        {
            "predicate": {"custom_model_data": 1882614},
            "model": "item/pile_jars/cookies/cookies_15"
        },
        {
            "predicate": {"custom_model_data": 1882615},
            "model": "item/pile_jars/cookies/cookies_16"
        }
    ]
}