{
    "parent": "item/generated",
    "textures": {
        "layer0": "item/coal"
    },
    "overrides": [
        {
            "predicate": {"custom_model_data": 1882600},
            "model": "item/pile_coal/coal_1"
        },
        {
            "predicate": {"custom_model_data": 1882601},
            "model": "item/pile_coal/coal_2"
        },
        {
            "predicate": {"custom_model_data": 1882602},
            "model": "item/pile_coal/coal_3"
        },
        {
            "predicate": {"custom_model_data": 1882603},
            "model": "item/pile_coal/coal_4"
        },
        {
            "predicate": {"custom_model_data": 1882604},
            "model": "item/pile_coal/coal_5"
        },
        {
            "predicate": {"custom_model_data": 1882605},
            "model": "item/pile_coal/coal_6"
        },
        {
            "predicate": {"custom_model_data": 1882606},
            "model": "item/pile_coal/coal_7"
        },
        {
            "predicate": {"custom_model_data": 1882607},
            "model": "item/pile_coal/coal_8"
        },
        {
            "predicate": {"custom_model_data": 1882608},
            "model": "item/pile_coal/coal_9"
        },
        {
            "predicate": {"custom_model_data": 1882609},
            "model": "item/pile_coal/coal_10"
        },
        {
            "predicate": {"custom_model_data": 1882610},
            "model": "item/pile_coal/coal_11"
        },
        {
            "predicate": {"custom_model_data": 1882611},
            "model": "item/pile_coal/coal_12"
        },
        {
            "predicate": {"custom_model_data": 1882612},
            "model": "item/pile_coal/coal_13"
        },
        {
            "predicate": {"custom_model_data": 1882613},
            "model": "item/pile_coal/coal_14"
        },
        {
            "predicate": {"custom_model_data": 1882614},
            "model": "item/pile_coal/coal_15"
        },
        {
            "predicate": {"custom_model_data": 1882615},
            "model": "item/pile_coal/coal_16"
        },
        {
            "predicate": {"custom_model_data": 1882616},
            "model": "item/pile_coal/coal_17"
        },
        {
            "predicate": {"custom_model_data": 1882617},
            "model": "item/pile_coal/coal_18"
        },
        {
            "predicate": {"custom_model_data": 1882618},
            "model": "item/pile_coal/coal_19"
        },
        {
            "predicate": {"custom_model_data": 1882619},
            "model": "item/pile_coal/coal_20"
        }
    ]
}