{
    "parent": "item/generated",
    "textures": {
        "layer0": "item/diamond"
    },
    "overrides": [
        {
            "predicate": {"custom_model_data": 1882600},
            "model": "item/pile_diamonds/pile_diamonds_1"
        },
        {
            "predicate": {"custom_model_data": 1882601},
            "model": "item/pile_diamonds/pile_diamonds_2"
        },
        {
            "predicate": {"custom_model_data": 1882602},
            "model": "item/pile_diamonds/pile_diamonds_3"
        },
        {
            "predicate": {"custom_model_data": 1882603},
            "model": "item/pile_diamonds/pile_diamonds_4"
        },
        {
            "predicate": {"custom_model_data": 1882604},
            "model": "item/pile_diamonds/pile_diamonds_5"
        },
        {
            "predicate": {"custom_model_data": 1882605},
            "model": "item/pile_diamonds/pile_diamonds_6"
        },
        {
            "predicate": {"custom_model_data": 1882606},
            "model": "item/pile_diamonds/pile_diamonds_7"
        },
        {
            "predicate": {"custom_model_data": 1882607},
            "model": "item/pile_diamonds/pile_diamonds_8"
        },
        {
            "predicate": {"custom_model_data": 1882608},
            "model": "item/pile_diamonds/pile_diamonds_9"
        },
        {
            "predicate": {"custom_model_data": 1882609},
            "model": "item/pile_diamonds/pile_diamonds_10"
        },
        {
            "predicate": {"custom_model_data": 1882610},
            "model": "item/pile_diamonds/pile_diamonds_11"
        },
        {
            "predicate": {"custom_model_data": 1882611},
            "model": "item/pile_diamonds/pile_diamonds_12"
        },
        {
            "predicate": {"custom_model_data": 1882612},
            "model": "item/pile_diamonds/pile_diamonds_13"
        },
        {
            "predicate": {"custom_model_data": 1882613},
            "model": "item/pile_diamonds/pile_diamonds_14"
        },
        {
            "predicate": {"custom_model_data": 1882614},
            "model": "item/pile_diamonds/pile_diamonds_15"
        },
        {
            "predicate": {"custom_model_data": 1882615},
            "model": "item/pile_diamonds/pile_diamonds_16"
        },
        {
            "predicate": {"custom_model_data": 1882616},
            "model": "item/pile_diamonds/pile_diamonds_17"
        },
        {
            "predicate": {"custom_model_data": 1882617},
            "model": "item/pile_diamonds/pile_diamonds_18"
        },
        {
            "predicate": {"custom_model_data": 1882618},
            "model": "item/pile_diamonds/pile_diamonds_19"
        },
        {
            "predicate": {"custom_model_data": 1882619},
            "model": "item/pile_diamonds/pile_diamonds_20"
        },
        {
            "predicate": {"custom_model_data": 1882620},
            "model": "item/pile_diamonds/pile_diamonds_21"
        },
        {
            "predicate": {"custom_model_data": 1882621},
            "model": "item/pile_diamonds/pile_diamonds_22"
        },
        {
            "predicate": {"custom_model_data": 1882622},
            "model": "item/pile_diamonds/pile_diamonds_23"
        },
        {
            "predicate": {"custom_model_data": 1882623},
            "model": "item/pile_diamonds/pile_diamonds_24"
        }
    ]
}