{
    "parent": "item/generated",
    "textures": {
        "layer0": "item/dragon_breath"
    },
    "overrides": [
        {
            "predicate": {"custom_model_data": 1882600},
            "model": "item/pile_potions/dragon_breath_1"
        },
        {
            "predicate": {"custom_model_data": 1882601},
            "model": "item/pile_potions/dragon_breath_2"
        },
        {
            "predicate": {"custom_model_data": 1882602},
            "model": "item/pile_potions/dragon_breath_3"
        },
        {
            "predicate": {"custom_model_data": 1882603},
            "model": "item/pile_potions/dragon_breath_4"
        }
    ]
}