{
    "parent": "item/generated",
    "textures": {
        "layer0": "item/ender_eye"
    },
    "overrides": [
        {
            "predicate": {"custom_model_data": 1882600},
            "model": "item/pile_ender_pearls/eye_1"
        },
        {
            "predicate": {"custom_model_data": 1882601},
            "model": "item/pile_ender_pearls/eye_2"
        },
        {
            "predicate": {"custom_model_data": 1882602},
            "model": "item/pile_ender_pearls/eye_3"
        },
        {
            "predicate": {"custom_model_data": 1882603},
            "model": "item/pile_ender_pearls/eye_4"
        },
        {
            "predicate": {"custom_model_data": 1882604},
            "model": "item/pile_ender_pearls/eye_5"
        }
    ]
}