{
    "parent": "item/generated",
    "textures": {
        "layer0": "item/experience_bottle"
    },
    "overrides": [
        {
            "predicate": {"custom_model_data": 1882600},
            "model": "item/pile_potions/experience_1"
        },
        {
            "predicate": {"custom_model_data": 1882601},
            "model": "item/pile_potions/experience_2"
        },
        {
            "predicate": {"custom_model_data": 1882602},
            "model": "item/pile_potions/experience_3"
        },
        {
            "predicate": {"custom_model_data": 1882603},
            "model": "item/pile_potions/experience_4"
        }
    ]
}