{
    "parent": "item/generated",
    "textures": {
        "layer0": "item/glass_bottle"
    },
    "overrides": [
        {
            "predicate": {"custom_model_data": 1882600},
            "model": "item/pile_potions/empty_1"
        },
        {
            "predicate": {"custom_model_data": 1882601},
            "model": "item/pile_potions/empty_2"
        },
        {
            "predicate": {"custom_model_data": 1882602},
            "model": "item/pile_potions/empty_3"
        },
        {
            "predicate": {"custom_model_data": 1882603},
            "model": "item/pile_potions/empty_4"
        }
    ]
}