{
    "parent": "item/generated",
    "textures": {
        "layer0": "item/glowstone_dust"
    },
    "overrides": [
        {
            "predicate": {"custom_model_data": 1882600},
            "model": "item/pile_jars/glowstone/glowstone_1"
        },
        {
            "predicate": {"custom_model_data": 1882601},
            "model": "item/pile_jars/glowstone/glowstone_2"
        },
        {
            "predicate": {"custom_model_data": 1882602},
            "model": "item/pile_jars/glowstone/glowstone_3"
        },
        {
            "predicate": {"custom_model_data": 1882603},
            "model": "item/pile_jars/glowstone/glowstone_4"
        },
        {
            "predicate": {"custom_model_data": 1882604},
            "model": "item/pile_jars/glowstone/glowstone_5"
        },
        {
            "predicate": {"custom_model_data": 1882605},
            "model": "item/pile_jars/glowstone/glowstone_6"
        },
        {
            "predicate": {"custom_model_data": 1882606},
            "model": "item/pile_jars/glowstone/glowstone_7"
        },
        {
            "predicate": {"custom_model_data": 1882607},
            "model": "item/pile_jars/glowstone/glowstone_8"
        },
        {
            "predicate": {"custom_model_data": 1882608},
            "model": "item/pile_jars/glowstone/glowstone_9"
        },
        {
            "predicate": {"custom_model_data": 1882609},
            "model": "item/pile_jars/glowstone/glowstone_10"
        },
        {
            "predicate": {"custom_model_data": 1882610},
            "model": "item/pile_jars/glowstone/glowstone_11"
        },
        {
            "predicate": {"custom_model_data": 1882611},
            "model": "item/pile_jars/glowstone/glowstone_12"
        },
        {
            "predicate": {"custom_model_data": 1882612},
            "model": "item/pile_jars/glowstone/glowstone_13"
        },
        {
            "predicate": {"custom_model_data": 1882613},
            "model": "item/pile_jars/glowstone/glowstone_14"
        },
        {
            "predicate": {"custom_model_data": 1882614},
            "model": "item/pile_jars/glowstone/glowstone_15"
        },
        {
            "predicate": {"custom_model_data": 1882615},
            "model": "item/pile_jars/glowstone/glowstone_16"
        }
    ]
}