{
    "parent": "item/generated",
    "textures": {
        "layer0": "item/glow_berries"
    },
    "overrides": [
        {
            "predicate": {"custom_model_data": 1882600},
            "model": "item/pile_jars/berries/glow_berries_1"
        },
        {
            "predicate": {"custom_model_data": 1882601},
            "model": "item/pile_jars/berries/glow_berries_2"
        },
        {
            "predicate": {"custom_model_data": 1882602},
            "model": "item/pile_jars/berries/glow_berries_3"
        },
        {
            "predicate": {"custom_model_data": 1882603},
            "model": "item/pile_jars/berries/glow_berries_4"
        },
        {
            "predicate": {"custom_model_data": 1882604},
            "model": "item/pile_jars/berries/glow_berries_5"
        },
        {
            "predicate": {"custom_model_data": 1882605},
            "model": "item/pile_jars/berries/glow_berries_6"
        },
        {
            "predicate": {"custom_model_data": 1882606},
            "model": "item/pile_jars/berries/glow_berries_7"
        },
        {
            "predicate": {"custom_model_data": 1882607},
            "model": "item/pile_jars/berries/glow_berries_8"
        },
        {
            "predicate": {"custom_model_data": 1882608},
            "model": "item/pile_jars/berries/glow_berries_9"
        },
        {
            "predicate": {"custom_model_data": 1882609},
            "model": "item/pile_jars/berries/glow_berries_10"
        },
        {
            "predicate": {"custom_model_data": 1882610},
            "model": "item/pile_jars/berries/glow_berries_11"
        },
        {
            "predicate": {"custom_model_data": 1882611},
            "model": "item/pile_jars/berries/glow_berries_12"
        },
        {
            "predicate": {"custom_model_data": 1882612},
            "model": "item/pile_jars/berries/glow_berries_13"
        },
        {
            "predicate": {"custom_model_data": 1882613},
            "model": "item/pile_jars/berries/glow_berries_14"
        },
        {
            "predicate": {"custom_model_data": 1882614},
            "model": "item/pile_jars/berries/glow_berries_15"
        },
        {
            "predicate": {"custom_model_data": 1882615},
            "model": "item/pile_jars/berries/glow_berries_16"
        }
    ]
}