{
    "parent": "item/generated",
    "textures": {
        "layer0": "item/honeycomb"
    },
    "overrides": [
        {
            "predicate": {"custom_model_data": 1882600},
            "model": "item/pile_logs/crimson/log_1"
        },
        {
            "predicate": {"custom_model_data": 1882601},
            "model": "item/pile_logs/crimson/log_2"
        },
        {
            "predicate": {"custom_model_data": 1882602},
            "model": "item/pile_logs/crimson/log_3"
        },
        {
            "predicate": {"custom_model_data": 1882603},
            "model": "item/pile_logs/crimson/log_4"
        },
        {
            "predicate": {"custom_model_data": 1882604},
            "model": "item/pile_logs/crimson/log_5"
        },
        {
            "predicate": {"custom_model_data": 1882605},
            "model": "item/pile_logs/crimson/log_6"
        },
        {
            "predicate": {"custom_model_data": 1882606},
            "model": "item/pile_logs/crimson/log_7"
        },
        {
            "predicate": {"custom_model_data": 1882607},
            "model": "item/pile_logs/crimson/log_8"
        },
        {
            "predicate": {"custom_model_data": 1882608},
            "model": "item/pile_logs/crimson/log_9"
        },
        {
            "predicate": {"custom_model_data": 1882609},
            "model": "item/pile_logs/crimson/log_10"
        },
        {
            "predicate": {"custom_model_data": 1882610},
            "model": "item/pile_logs/crimson/log_11"
        },
        {
            "predicate": {"custom_model_data": 1882611},
            "model": "item/pile_logs/crimson/log_12"
        },
        {
            "predicate": {"custom_model_data": 1882612},
            "model": "item/pile_logs/crimson/log_13"
        },
        {
            "predicate": {"custom_model_data": 1882613},
            "model": "item/pile_logs/crimson/log_14"
        },
        {
            "predicate": {"custom_model_data": 1882614},
            "model": "item/pile_logs/crimson/log_15"
        },
        {
            "predicate": {"custom_model_data": 1882615},
            "model": "item/pile_logs/crimson/log_16"
        }
    ]
}