{
    "parent": "item/generated",
    "textures": {
        "layer0": "item/lapis_lazuli"
    },
    "overrides": [
        {
            "predicate": {"custom_model_data": 1882600},
            "model": "item/pile_lapis_lazuli/pile_lapis_1"
        },
        {
            "predicate": {"custom_model_data": 1882601},
            "model": "item/pile_lapis_lazuli/pile_lapis_2"
        },
        {
            "predicate": {"custom_model_data": 1882602},
            "model": "item/pile_lapis_lazuli/pile_lapis_3"
        },
        {
            "predicate": {"custom_model_data": 1882603},
            "model": "item/pile_lapis_lazuli/pile_lapis_4"
        },
        {
            "predicate": {"custom_model_data": 1882604},
            "model": "item/pile_lapis_lazuli/pile_lapis_5"
        },
        {
            "predicate": {"custom_model_data": 1882605},
            "model": "item/pile_lapis_lazuli/pile_lapis_6"
        },
        {
            "predicate": {"custom_model_data": 1882606},
            "model": "item/pile_lapis_lazuli/pile_lapis_7"
        },
        {
            "predicate": {"custom_model_data": 1882607},
            "model": "item/pile_lapis_lazuli/pile_lapis_8"
        },
        {
            "predicate": {"custom_model_data": 1882608},
            "model": "item/pile_lapis_lazuli/pile_lapis_9"
        },
        {
            "predicate": {"custom_model_data": 1882609},
            "model": "item/pile_lapis_lazuli/pile_lapis_10"
        },
        {
            "predicate": {"custom_model_data": 1882610},
            "model": "item/pile_lapis_lazuli/pile_lapis_11"
        },
        {
            "predicate": {"custom_model_data": 1882611},
            "model": "item/pile_lapis_lazuli/pile_lapis_12"
        },
        {
            "predicate": {"custom_model_data": 1882612},
            "model": "item/pile_lapis_lazuli/pile_lapis_13"
        },
        {
            "predicate": {"custom_model_data": 1882613},
            "model": "item/pile_lapis_lazuli/pile_lapis_14"
        },
        {
            "predicate": {"custom_model_data": 1882614},
            "model": "item/pile_lapis_lazuli/pile_lapis_15"
        },
        {
            "predicate": {"custom_model_data": 1882615},
            "model": "item/pile_lapis_lazuli/pile_lapis_16"
        },
        {
            "predicate": {"custom_model_data": 1882616},
            "model": "item/pile_lapis_lazuli/pile_lapis_17"
        },
        {
            "predicate": {"custom_model_data": 1882617},
            "model": "item/pile_lapis_lazuli/pile_lapis_18"
        },
        {
            "predicate": {"custom_model_data": 1882618},
            "model": "item/pile_lapis_lazuli/pile_lapis_19"
        },
        {
            "predicate": {"custom_model_data": 1882619},
            "model": "item/pile_lapis_lazuli/pile_lapis_20"
        },
        {
            "predicate": {"custom_model_data": 1882620},
            "model": "item/pile_lapis_lazuli/pile_lapis_21"
        },
        {
            "predicate": {"custom_model_data": 1882621},
            "model": "item/pile_lapis_lazuli/pile_lapis_22"
        },
        {
            "predicate": {"custom_model_data": 1882622},
            "model": "item/pile_lapis_lazuli/pile_lapis_23"
        },
        {
            "predicate": {"custom_model_data": 1882623},
            "model": "item/pile_lapis_lazuli/pile_lapis_24"
        }
    ]
}