{
    "parent": "item/generated",
    "textures": {
        "layer0": "item/netherite_ingot"
    },
    "overrides": [
        {
            "predicate": {"custom_model_data": 1882600},
            "model": "item/pile_netherite_ingots/stacked_netherite_ingot_1"
        },
        {
            "predicate": {"custom_model_data": 1882601},
            "model": "item/pile_netherite_ingots/stacked_netherite_ingot_2"
        },
        {
            "predicate": {"custom_model_data": 1882602},
            "model": "item/pile_netherite_ingots/stacked_netherite_ingot_3"
        },
        {
            "predicate": {"custom_model_data": 1882603},
            "model": "item/pile_netherite_ingots/stacked_netherite_ingot_4"
        },
        {
            "predicate": {"custom_model_data": 1882604},
            "model": "item/pile_netherite_ingots/stacked_netherite_ingot_5"
        },
        {
            "predicate": {"custom_model_data": 1882605},
            "model": "item/pile_netherite_ingots/stacked_netherite_ingot_6"
        },
        {
            "predicate": {"custom_model_data": 1882606},
            "model": "item/pile_netherite_ingots/stacked_netherite_ingot_7"
        },
        {
            "predicate": {"custom_model_data": 1882607},
            "model": "item/pile_netherite_ingots/stacked_netherite_ingot_8"
        },
        {
            "predicate": {"custom_model_data": 1882608},
            "model": "item/pile_netherite_ingots/stacked_netherite_ingot_9"
        },
        {
            "predicate": {"custom_model_data": 1882609},
            "model": "item/pile_netherite_ingots/stacked_netherite_ingot_10"
        },
        {
            "predicate": {"custom_model_data": 1882610},
            "model": "item/pile_netherite_ingots/stacked_netherite_ingot_11"
        },
        {
            "predicate": {"custom_model_data": 1882611},
            "model": "item/pile_netherite_ingots/stacked_netherite_ingot_12"
        },
        {
            "predicate": {"custom_model_data": 1882612},
            "model": "item/pile_netherite_ingots/stacked_netherite_ingot_13"
        },
        {
            "predicate": {"custom_model_data": 1882613},
            "model": "item/pile_netherite_ingots/stacked_netherite_ingot_14"
        },
        {
            "predicate": {"custom_model_data": 1882614},
            "model": "item/pile_netherite_ingots/stacked_netherite_ingot_15"
        },
        {
            "predicate": {"custom_model_data": 1882615},
            "model": "item/pile_netherite_ingots/stacked_netherite_ingot_16"
        },
        {
            "predicate": {"custom_model_data": 1882616},
            "model": "item/pile_netherite_ingots/stacked_netherite_ingot_17"
        },
        {
            "predicate": {"custom_model_data": 1882617},
            "model": "item/pile_netherite_ingots/stacked_netherite_ingot_18"
        },
        {
            "predicate": {"custom_model_data": 1882618},
            "model": "item/pile_netherite_ingots/stacked_netherite_ingot_19"
        },
        {
            "predicate": {"custom_model_data": 1882619},
            "model": "item/pile_netherite_ingots/stacked_netherite_ingot_20"
        }
    ]
}