{
	"credit": "Made with Blockbench",
	"textures": {
		"0": "produce/nest",
		"1": "produce/egg",
		"particle": "produce/nest"
	},
	"elements": [
		{
			"from": [0, 1.025, -3],
			"to": [11, 1.025, 8],
			"rotation": {"angle": -45, "axis": "y", "origin": [0, 0.025, 8]},
			"faces": {
				"north": {"uv": [0, 0, 5.5, 0], "texture": "#0"},
				"east": {"uv": [0, 0, 5.5, 0], "texture": "#0"},
				"south": {"uv": [0, 0, 5.5, 0], "texture": "#0"},
				"west": {"uv": [0, 0, 5.5, 0], "texture": "#0"},
				"up": {"uv": [5.5, 5.5, 0, 0], "texture": "#0"},
				"down": {"uv": [5.5, 0, 0, 5.5], "texture": "#0"}
			}
		},
		{
			"from": [5, 0, 5],
			"to": [11, 1, 11],
			"rotation": {"angle": 0, "axis": "y", "origin": [5, 0, 4]},
			"faces": {
				"north": {"uv": [12, 0, 15, 0.5], "texture": "#0"},
				"east": {"uv": [12, 0, 15, 0.5], "texture": "#0"},
				"south": {"uv": [12, 0, 15, 0.5], "texture": "#0"},
				"west": {"uv": [12, 0, 15, 0.5], "texture": "#0"},
				"up": {"uv": [4, 4, 1, 1], "texture": "#0"},
				"down": {"uv": [14.5, 3, 11.5, 6], "texture": "#0"}
			}
		},
		{
			"from": [5, -1, 7],
			"to": [11, -1, 14],
			"rotation": {"angle": -22.5, "axis": "x", "origin": [5, -1, 4]},
			"faces": {
				"north": {"uv": [0, 0, 3, 0], "texture": "#0"},
				"east": {"uv": [0, 0, 3.5, 0], "texture": "#0"},
				"south": {"uv": [0, 0, 3, 0], "texture": "#0"},
				"west": {"uv": [0, 0, 3.5, 0], "texture": "#0"},
				"up": {"uv": [3, 3.5, 0, 0], "texture": "#0"},
				"down": {"uv": [3, 0, 0, 3.5], "texture": "#0"}
			}
		},
		{
			"from": [7, -1, 5],
			"to": [14, -1, 11],
			"rotation": {"angle": 22.5, "axis": "z", "origin": [4, -1, 11]},
			"faces": {
				"north": {"uv": [0, 0, 3.5, 0], "texture": "#0"},
				"east": {"uv": [0, 0, 3, 0], "texture": "#0"},
				"south": {"uv": [0, 0, 3.5, 0], "texture": "#0"},
				"west": {"uv": [0, 0, 3, 0], "texture": "#0"},
				"up": {"uv": [3.5, 3, 0, 0], "texture": "#0"},
				"down": {"uv": [3.5, 0, 0, 3], "texture": "#0"}
			}
		},
		{
			"from": [5, -1, 2],
			"to": [11, -1, 9],
			"rotation": {"angle": 22.5, "axis": "x", "origin": [11, -1, 12]},
			"faces": {
				"north": {"uv": [0, 0, 3, 0], "texture": "#0"},
				"east": {"uv": [0, 0, 3.5, 0], "texture": "#0"},
				"south": {"uv": [0, 0, 3, 0], "texture": "#0"},
				"west": {"uv": [0, 0, 3.5, 0], "texture": "#0"},
				"up": {"uv": [5.5, 3.5, 2.5, 0], "texture": "#0"},
				"down": {"uv": [5.5, 0, 2.5, 3.5], "texture": "#0"}
			}
		},
		{
			"from": [2, -1, 5],
			"to": [9, -1, 11],
			"rotation": {"angle": -22.5, "axis": "z", "origin": [12, -1, 5]},
			"faces": {
				"north": {"uv": [0, 0, 3.5, 0], "texture": "#0"},
				"east": {"uv": [0, 0, 3, 0], "texture": "#0"},
				"south": {"uv": [0, 0, 3.5, 0], "texture": "#0"},
				"west": {"uv": [0, 0, 3, 0], "texture": "#0"},
				"up": {"uv": [3.5, 5.5, 0, 2.5], "texture": "#0"},
				"down": {"uv": [5.5, 2.5, 2, 5.5], "texture": "#0"}
			}
		},
		{
			"name": "egg",
			"from": [7, 0.5, 7],
			"to": [9, 2.5, 9],
			"rotation": {"angle": 0, "axis": "y", "origin": [8, 1.5, 8]},
			"faces": {
				"north": {"uv": [0, 0, 2, 2], "texture": "#1"},
				"east": {"uv": [0, 0, 2, 2], "texture": "#1"},
				"south": {"uv": [2, 0, 4, 2], "texture": "#1"},
				"west": {"uv": [2, 0, 4, 2], "texture": "#1"},
				"up": {"uv": [2, 6, 0, 4], "rotation": 90, "texture": "#1"},
				"down": {"uv": [2, 4, 0, 6], "rotation": 270, "texture": "#1"}
			}
		}
	],
	"groups": [
		{
			"name": "nest",
			"origin": [12, -1, 5],
			"color": 0,
			"children": [
				0,
				1,
				2,
				3,
				4,
				5,
				{
					"name": "group",
					"origin": [12, -1, 5],
					"color": 0,
					"children": []
				},
				{
					"name": "group",
					"origin": [12, -1, 5],
					"color": 0,
					"children": []
				},
				{
					"name": "group",
					"origin": [12, -1, 5],
					"color": 0,
					"children": []
				}
			]
		},
		6
	]
}