{
	"credit": "Made with Blockbench",
	"textures": {
		"0": "coal/coal",
		"particle": "coal/coal"
	},
	"elements": [
		{
			"from": [6, 0, 7],
			"to": [11, 2, 10],
			"rotation": {"angle": 0, "axis": "y", "origin": [11, 0, 7]},
			"faces": {
				"north": {"uv": [0, 5, 5, 7], "texture": "#0"},
				"east": {"uv": [6, 0, 9, 2], "texture": "#0"},
				"south": {"uv": [0, 5, 5, 7], "texture": "#0"},
				"west": {"uv": [6, 2, 9, 4], "texture": "#0"},
				"up": {"uv": [3, 5, 0, 0], "rotation": 90, "texture": "#0"},
				"down": {"uv": [3, 0, 0, 5], "rotation": 270, "texture": "#0"}
			}
		}
	]
}