{
	"credit": "Made with Blockbench",
	"textures": {
		"0": "produce/bag_1",
		"2": "produce/pile_beets",
		"particle": "produce/beet"
	},
	"elements": [
		{
			"from": [3, 0, 1],
			"to": [13, 2, 15],
			"faces": {
				"north": {"uv": [10, 5, 12.5, 5.5], "texture": "#0"},
				"east": {"uv": [8, 3, 11.5, 3.5], "texture": "#0"},
				"south": {"uv": [10, 5, 12.5, 5.5], "texture": "#0"},
				"west": {"uv": [8, 3, 11.5, 3.5], "texture": "#0"},
				"up": {"uv": [2.5, 3.5, 0, 0], "texture": "#0"},
				"down": {"uv": [5, 0, 2.5, 3.5], "texture": "#0"}
			}
		},
		{
			"from": [1, 0, 3],
			"to": [15, 2, 13],
			"faces": {
				"north": {"uv": [8, 3, 11.5, 3.5], "texture": "#0"},
				"east": {"uv": [10, 5, 12.5, 5.5], "texture": "#0"},
				"south": {"uv": [8, 3, 11.5, 3.5], "texture": "#0"},
				"west": {"uv": [10, 5, 12.5, 5.5], "texture": "#0"},
				"up": {"uv": [2.5, 3.5, 0, 0], "rotation": 90, "texture": "#0"},
				"down": {"uv": [5, 3.5, 2.5, 0], "rotation": 90, "texture": "#0"}
			}
		},
		{
			"from": [3, 2, 3],
			"to": [13, 4, 13],
			"rotation": {"angle": 0, "axis": "y", "origin": [3, 0, 11]},
			"faces": {
				"north": {"uv": [10.5, 0, 13, 0.5], "texture": "#0"},
				"east": {"uv": [10.5, 0, 13, 0.5], "texture": "#0"},
				"south": {"uv": [10.5, 0, 13, 0.5], "texture": "#0"},
				"west": {"uv": [10.5, 0, 13, 0.5], "texture": "#0"},
				"up": {"uv": [7.5, 2.5, 5, 0], "texture": "#0"},
				"down": {"uv": [2.5, 6, 0, 8.5], "texture": "#0"}
			}
		},
		{
			"from": [4, 3, 2],
			"to": [14, 5, 12],
			"rotation": {"angle": 0, "axis": "y", "origin": [12, 3, 2]},
			"faces": {
				"north": {"uv": [10.5, 0.5, 13, 1], "texture": "#0"},
				"east": {"uv": [10.5, 0.5, 13, 1], "texture": "#0"},
				"south": {"uv": [10.5, 0, 13, 0.5], "texture": "#0"},
				"west": {"uv": [10.5, 0, 13, 0.5], "texture": "#0"},
				"up": {"uv": [7.5, 2.5, 5, 0], "texture": "#0"},
				"down": {"uv": [7.5, 6, 5, 8.5], "texture": "#0"}
			}
		},
		{
			"from": [3, 2, 2],
			"to": [15, 6, 2],
			"rotation": {"angle": 0, "axis": "y", "origin": [3, 2, 2]},
			"faces": {
				"north": {"uv": [5, 2.5, 8, 3.5], "texture": "#0"},
				"east": {"uv": [0, 0, 0, 1], "texture": "#0"},
				"south": {"uv": [8, 2.5, 5, 3.5], "texture": "#0"},
				"west": {"uv": [0, 0, 0, 1], "texture": "#0"},
				"up": {"uv": [3, 0, 0, 0], "texture": "#0"},
				"down": {"uv": [3, 0, 0, 0], "texture": "#0"}
			}
		},
		{
			"from": [2, 0, 1],
			"to": [14, 4, 1],
			"rotation": {"angle": 0, "axis": "y", "origin": [2, 0, 1]},
			"faces": {
				"north": {"uv": [10, 4.5, 7, 5.5], "texture": "#0"},
				"east": {"uv": [0, 0, 0, 1], "texture": "#0"},
				"south": {"uv": [7, 4.5, 10, 5.5], "texture": "#0"},
				"west": {"uv": [0, 0, 0, 1], "texture": "#0"},
				"up": {"uv": [3, 0, 0, 0], "texture": "#0"},
				"down": {"uv": [3, 0, 0, 0], "texture": "#0"}
			}
		},
		{
			"from": [1, 0, 2],
			"to": [1, 4, 14],
			"rotation": {"angle": 0, "axis": "y", "origin": [1, 0, 2]},
			"faces": {
				"north": {"uv": [0, 0, 0, 1], "texture": "#0"},
				"east": {"uv": [10.5, 5.5, 7.5, 6.5], "texture": "#0"},
				"south": {"uv": [0, 0, 0, 1], "texture": "#0"},
				"west": {"uv": [7.5, 5.5, 10.5, 6.5], "texture": "#0"},
				"up": {"uv": [0, 3, 0, 0], "texture": "#0"},
				"down": {"uv": [0, 0, 0, 3], "texture": "#0"}
			}
		},
		{
			"from": [2, 0, 15],
			"to": [14, 4, 15],
			"rotation": {"angle": 0, "axis": "y", "origin": [2, 0, 15]},
			"faces": {
				"north": {"uv": [7.5, 7.5, 10.5, 8.5], "texture": "#0"},
				"east": {"uv": [0, 0, 0, 1], "texture": "#0"},
				"south": {"uv": [10.5, 7.5, 7.5, 8.5], "texture": "#0"},
				"west": {"uv": [0, 0, 0, 1], "texture": "#0"},
				"up": {"uv": [3, 0, 0, 0], "texture": "#0"},
				"down": {"uv": [3, 0, 0, 0], "texture": "#0"}
			}
		},
		{
			"from": [15, 0, 2],
			"to": [15, 4, 14],
			"rotation": {"angle": 0, "axis": "y", "origin": [15, 0, 14]},
			"faces": {
				"north": {"uv": [0, 0, 0, 1], "texture": "#0"},
				"east": {"uv": [11, 2, 8, 3], "texture": "#0"},
				"south": {"uv": [0, 0, 0, 1], "texture": "#0"},
				"west": {"uv": [8, 2, 11, 3], "texture": "#0"},
				"up": {"uv": [0, 3, 0, 0], "texture": "#0"},
				"down": {"uv": [0, 0, 0, 3], "texture": "#0"}
			}
		},
		{
			"from": [14, 2, 1],
			"to": [14, 6, 13],
			"rotation": {"angle": 0, "axis": "y", "origin": [14, 2, 13]},
			"faces": {
				"north": {"uv": [0, 0, 0, 1], "texture": "#0"},
				"east": {"uv": [3, 8.5, 6, 9.5], "texture": "#0"},
				"south": {"uv": [0, 0, 0, 1], "texture": "#0"},
				"west": {"uv": [6, 8.5, 3, 9.5], "texture": "#0"},
				"up": {"uv": [0, 3, 0, 0], "texture": "#0"},
				"down": {"uv": [0, 0, 0, 3], "texture": "#0"}
			}
		},
		{
			"from": [2, 2, 13],
			"to": [14, 5, 13],
			"rotation": {"angle": 0, "axis": "y", "origin": [14, 2, 13]},
			"faces": {
				"north": {"uv": [9, 9.5, 6, 10.25], "texture": "#0"},
				"east": {"uv": [0, 0, 0, 0.75], "texture": "#0"},
				"south": {"uv": [6, 9.5, 9, 10.25], "texture": "#0"},
				"west": {"uv": [0, 0, 0, 0.75], "texture": "#0"},
				"up": {"uv": [3, 0, 0, 0], "texture": "#0"},
				"down": {"uv": [3, 0, 0, 0], "texture": "#0"}
			}
		},
		{
			"from": [4, 2, 1],
			"to": [4, 6, 13],
			"rotation": {"angle": 0, "axis": "y", "origin": [4, 2, 13]},
			"faces": {
				"north": {"uv": [0, 0, 0, 1], "texture": "#0"},
				"east": {"uv": [3, 9.5, 0, 10.5], "texture": "#0"},
				"south": {"uv": [0, 0, 0, 1], "texture": "#0"},
				"west": {"uv": [0, 9.5, 3, 10.5], "texture": "#0"},
				"up": {"uv": [0, 3, 0, 0], "texture": "#0"},
				"down": {"uv": [0, 0, 0, 3], "texture": "#0"}
			}
		},
		{
			"from": [6, 3.75, 5],
			"to": [12, 4.75, 10],
			"rotation": {"angle": 0, "axis": "y", "origin": [5, 3.75, 6]},
			"faces": {
				"north": {"uv": [5.5, 7, 8.5, 7.5], "texture": "#2"},
				"east": {"uv": [5.5, 7, 8, 7.5], "texture": "#2"},
				"south": {"uv": [5.5, 7, 8.5, 7.5], "texture": "#2"},
				"west": {"uv": [5.5, 7, 8, 7.5], "texture": "#2"},
				"up": {"uv": [3, 2.5, 0, 0], "texture": "#2"},
				"down": {"uv": [3, 2.5, 0, 5], "texture": "#2"}
			}
		},
		{
			"from": [7, 3.75, 4],
			"to": [11, 4.75, 11],
			"rotation": {"angle": 0, "axis": "y", "origin": [5, 3.75, 6]},
			"faces": {
				"north": {"uv": [6, 7, 8, 7.5], "texture": "#2"},
				"east": {"uv": [5, 7, 8.5, 7.5], "texture": "#2"},
				"south": {"uv": [6, 7, 8, 7.5], "texture": "#2"},
				"west": {"uv": [5, 7, 8.5, 7.5], "texture": "#2"},
				"up": {"uv": [2.5, 3.5, 0.5, 0], "texture": "#2"},
				"down": {"uv": [5, 3.5, 3, 7], "texture": "#2"}
			}
		},
		{
			"from": [5, 3.75, 6],
			"to": [13, 4.75, 9],
			"rotation": {"angle": 0, "axis": "y", "origin": [5, 3.75, 6]},
			"faces": {
				"north": {"uv": [5, 7, 9, 7.5], "texture": "#2"},
				"east": {"uv": [6, 7, 7.5, 7.5], "texture": "#2"},
				"south": {"uv": [5, 7, 9, 7.5], "texture": "#2"},
				"west": {"uv": [6, 7, 7.5, 7.5], "texture": "#2"},
				"up": {"uv": [4, 2.5, 0, 1], "texture": "#2"},
				"down": {"uv": [9, 1.5, 5, 3], "texture": "#2"}
			}
		},
		{
			"from": [7, 3.75, 6],
			"to": [9, 6, 9],
			"rotation": {"angle": 0, "axis": "y", "origin": [7, 3.75, 5]},
			"faces": {
				"north": {"uv": [9, 4, 10, 5], "texture": "#2"},
				"east": {"uv": [7, 4, 8.5, 5], "texture": "#2"},
				"south": {"uv": [9, 4, 10, 5], "texture": "#2"},
				"west": {"uv": [7.5, 4, 9, 5], "texture": "#2"},
				"up": {"uv": [2, 2, 1, 0.5], "texture": "#2"},
				"down": {"uv": [4, 5.5, 3, 7], "texture": "#2"}
			}
		},
		{
			"from": [6, 3.75, 6],
			"to": [12, 5.25, 9],
			"rotation": {"angle": 0, "axis": "y", "origin": [1, 3.75, -3]},
			"faces": {
				"north": {"uv": [7, 3, 10, 4], "texture": "#2"},
				"east": {"uv": [9, 7, 10.5, 8], "texture": "#2"},
				"south": {"uv": [7, 4, 10, 5], "texture": "#2"},
				"west": {"uv": [7.5, 4, 9, 5], "texture": "#2"},
				"up": {"uv": [3, 2.5, 0, 1], "texture": "#2"},
				"down": {"uv": [3, 3.5, 0, 5], "texture": "#2"}
			}
		},
		{
			"from": [7, 4.75, 5],
			"to": [11, 5.5, 10],
			"rotation": {"angle": 0, "axis": "y", "origin": [9, 4.75, 8]},
			"faces": {
				"north": {"uv": [7.5, 3, 9.5, 3.5], "texture": "#2"},
				"east": {"uv": [8.5, 7.5, 11, 8], "texture": "#2"},
				"south": {"uv": [7.5, 4, 9.5, 4.5], "texture": "#2"},
				"west": {"uv": [7, 4, 9.5, 4.5], "texture": "#2"},
				"up": {"uv": [2.5, 2.5, 0.5, 0], "texture": "#2"},
				"down": {"uv": [7, 3, 5, 5.5], "texture": "#2"}
			}
		},
		{
			"from": [9.5, 4, 5.25],
			"to": [10.5, 5, 6.25],
			"rotation": {"angle": -45, "axis": "z", "origin": [9, 4, 4.75]},
			"faces": {
				"north": {"uv": [12, 0, 13, 1], "rotation": 270, "texture": "#particle"},
				"east": {"uv": [12, 7, 13, 8], "rotation": 90, "texture": "#particle"},
				"south": {"uv": [12, 2, 13, 3], "rotation": 90, "texture": "#particle"},
				"west": {"uv": [9, 2, 10, 3], "rotation": 90, "texture": "#particle"},
				"up": {"uv": [10, 8, 11, 9], "rotation": 90, "texture": "#particle"},
				"down": {"uv": [12, 1, 13, 2], "rotation": 90, "texture": "#particle"}
			}
		},
		{
			"from": [9, 5, 4.75],
			"to": [11, 7, 6.75],
			"rotation": {"angle": -45, "axis": "z", "origin": [9, 4, 4.75]},
			"faces": {
				"north": {"uv": [0, 11, 2, 13], "rotation": 270, "texture": "#particle"},
				"east": {"uv": [10, 0, 12, 2], "rotation": 90, "texture": "#particle"},
				"south": {"uv": [10, 6, 12, 8], "rotation": 90, "texture": "#particle"},
				"west": {"uv": [8, 0, 10, 2], "rotation": 90, "texture": "#particle"},
				"up": {"uv": [8, 6, 10, 8], "rotation": 90, "texture": "#particle"},
				"down": {"uv": [1, 10, 3, 12], "rotation": 90, "texture": "#particle"}
			}
		},
		{
			"from": [9.5, 7, 5.75],
			"to": [10.5, 8, 5.75],
			"rotation": {"angle": -45, "axis": "z", "origin": [9, 4, 4.75]},
			"faces": {
				"north": {"uv": [1, 1, 2, 2], "rotation": 270, "texture": "#particle"},
				"east": {"uv": [0, 0, 1, 0], "rotation": 90, "texture": "#particle"},
				"south": {"uv": [1, 2, 2, 3], "rotation": 90, "texture": "#particle"},
				"west": {"uv": [0, 0, 1, 0], "rotation": 90, "texture": "#particle"},
				"up": {"uv": [0, 0, 0, 1], "rotation": 90, "texture": "#particle"},
				"down": {"uv": [0, 0, 0, 1], "rotation": 90, "texture": "#particle"}
			}
		},
		{
			"from": [10, 7, 5.25],
			"to": [10, 8, 6.25],
			"rotation": {"angle": -45, "axis": "z", "origin": [9, 4, 4.75]},
			"faces": {
				"north": {"uv": [0, 0, 1, 0], "rotation": 90, "texture": "#particle"},
				"east": {"uv": [1, 2, 2, 3], "rotation": 270, "texture": "#particle"},
				"south": {"uv": [0, 0, 1, 0], "rotation": 90, "texture": "#particle"},
				"west": {"uv": [1, 1, 2, 2], "rotation": 90, "texture": "#particle"},
				"up": {"uv": [0, 0, 0, 1], "rotation": 180, "texture": "#particle"},
				"down": {"uv": [0, 0, 0, 1], "texture": "#particle"}
			}
		}
	],
	"groups": [
		{
			"name": "produce bag 1",
			"origin": [4, 2, 13],
			"color": 0,
			"children": [0, 1, 2, 3, 4, 5, 6, 7, 8, 9, 10, 11]
		},
		{
			"name": "pile",
			"origin": [0, 0, 0],
			"color": 0,
			"children": [12, 13, 14, 15, 16, 17]
		},
		{
			"name": "beet",
			"origin": [8, 8, 8],
			"color": 0,
			"children": [18, 19, 20, 21]
		}
	]
}