{
	"credit": "Made with Blockbench",
	"textures": {
		"0": "coal/coal",
		"particle": "coal/coal"
	},
	"elements": [
		{
			"from": [12, 0, 8],
			"to": [15, 2, 13],
			"rotation": {"angle": 0, "axis": "y", "origin": [12, 0, 8]},
			"faces": {
				"north": {"uv": [6, 0, 9, 2], "texture": "#0"},
				"east": {"uv": [0, 5, 5, 7], "texture": "#0"},
				"south": {"uv": [6, 2, 9, 4], "texture": "#0"},
				"west": {"uv": [0, 5, 5, 7], "texture": "#0"},
				"up": {"uv": [3, 5, 0, 0], "texture": "#0"},
				"down": {"uv": [3, 0, 0, 5], "texture": "#0"}
			}
		},
		{
			"from": [9, 0, 10],
			"to": [12, 2, 15],
			"rotation": {"angle": 0, "axis": "y", "origin": [12, 0, 15]},
			"faces": {
				"north": {"uv": [6, 2, 9, 4], "texture": "#0"},
				"east": {"uv": [0, 5, 5, 7], "texture": "#0"},
				"south": {"uv": [6, 0, 9, 2], "texture": "#0"},
				"west": {"uv": [0, 5, 5, 7], "texture": "#0"},
				"up": {"uv": [3, 5, 0, 0], "rotation": 180, "texture": "#0"},
				"down": {"uv": [3, 0, 0, 5], "rotation": 180, "texture": "#0"}
			}
		},
		{
			"from": [6, 0, 11],
			"to": [9, 2, 16],
			"rotation": {"angle": 0, "axis": "y", "origin": [6, 0, 11]},
			"faces": {
				"north": {"uv": [6, 0, 9, 2], "texture": "#0"},
				"east": {"uv": [0, 5, 5, 7], "texture": "#0"},
				"south": {"uv": [6, 2, 9, 4], "texture": "#0"},
				"west": {"uv": [0, 5, 5, 7], "texture": "#0"},
				"up": {"uv": [3, 5, 0, 0], "texture": "#0"},
				"down": {"uv": [3, 0, 0, 5], "texture": "#0"}
			}
		},
		{
			"from": [2, 0, 5],
			"to": [5, 2, 10],
			"rotation": {"angle": 0, "axis": "y", "origin": [2, 0, 5]},
			"faces": {
				"north": {"uv": [6, 0, 9, 2], "texture": "#0"},
				"east": {"uv": [0, 5, 5, 7], "texture": "#0"},
				"south": {"uv": [6, 2, 9, 4], "texture": "#0"},
				"west": {"uv": [0, 5, 5, 7], "texture": "#0"},
				"up": {"uv": [3, 5, 0, 0], "texture": "#0"},
				"down": {"uv": [3, 0, 0, 5], "texture": "#0"}
			}
		},
		{
			"from": [5, 0, 2],
			"to": [8, 2, 7],
			"rotation": {"angle": 0, "axis": "y", "origin": [8, 0, 7]},
			"faces": {
				"north": {"uv": [6, 2, 9, 4], "texture": "#0"},
				"east": {"uv": [0, 5, 5, 7], "texture": "#0"},
				"south": {"uv": [6, 0, 9, 2], "texture": "#0"},
				"west": {"uv": [0, 5, 5, 7], "texture": "#0"},
				"up": {"uv": [3, 5, 0, 0], "rotation": 180, "texture": "#0"},
				"down": {"uv": [3, 0, 0, 5], "rotation": 180, "texture": "#0"}
			}
		},
		{
			"from": [6, 0, 7],
			"to": [11, 2, 10],
			"rotation": {"angle": 0, "axis": "y", "origin": [11, 0, 7]},
			"faces": {
				"north": {"uv": [0, 5, 5, 7], "texture": "#0"},
				"east": {"uv": [6, 0, 9, 2], "texture": "#0"},
				"south": {"uv": [0, 5, 5, 7], "texture": "#0"},
				"west": {"uv": [6, 2, 9, 4], "texture": "#0"},
				"up": {"uv": [3, 5, 0, 0], "rotation": 90, "texture": "#0"},
				"down": {"uv": [3, 0, 0, 5], "rotation": 270, "texture": "#0"}
			}
		},
		{
			"from": [8, 2, 9],
			"to": [11, 4, 14],
			"rotation": {"angle": 0, "axis": "y", "origin": [8, 2, 9]},
			"faces": {
				"north": {"uv": [6, 0, 9, 2], "texture": "#0"},
				"east": {"uv": [0, 5, 5, 7], "texture": "#0"},
				"south": {"uv": [6, 2, 9, 4], "texture": "#0"},
				"west": {"uv": [0, 5, 5, 7], "texture": "#0"},
				"up": {"uv": [3, 5, 0, 0], "texture": "#0"},
				"down": {"uv": [3, 0, 0, 5], "texture": "#0"}
			}
		}
	]
}