{
	"credit": "Made with Blockbench",
	"textures": {
		"0": "gems/emerald_3",
		"1": "gems/emerald_2",
		"2": "gems/emerald_1",
		"particle": "gems/emerald_3"
	},
	"elements": [
		{
			"name": "alt 3",
			"from": [8, 0, 10],
			"to": [10, 3, 12],
			"rotation": {"angle": 0, "axis": "y", "origin": [10, 0, 10]},
			"faces": {
				"north": {"uv": [0, 0, 3, 2], "rotation": 90, "texture": "#0"},
				"east": {"uv": [6, 2, 3, 4], "rotation": 270, "texture": "#0"},
				"south": {"uv": [0, 2, 3, 4], "rotation": 270, "texture": "#0"},
				"west": {"uv": [6, 2, 3, 0], "rotation": 270, "texture": "#0"},
				"up": {"uv": [6, 3, 8, 5], "rotation": 270, "texture": "#0"},
				"down": {"uv": [6, 5, 8, 7], "rotation": 270, "texture": "#0"}
			}
		},
		{
			"from": [7, 0, 10],
			"to": [10, 2, 12],
			"rotation": {"angle": 0, "axis": "y", "origin": [10, 0, 10]},
			"faces": {
				"north": {"uv": [0, 4, 2, 7], "rotation": 90, "texture": "#0"},
				"east": {"uv": [4, 7, 2, 9], "rotation": 270, "texture": "#0"},
				"south": {"uv": [4, 4, 6, 7], "rotation": 270, "texture": "#0"},
				"west": {"uv": [2, 9, 0, 7], "rotation": 270, "texture": "#0"},
				"up": {"uv": [2, 4, 4, 7], "rotation": 270, "texture": "#0"},
				"down": {"uv": [6, 0, 8, 3], "rotation": 270, "texture": "#0"}
			}
		},
		{
			"from": [7, -1, 7],
			"to": [9, 2, 9],
			"rotation": {"angle": 0, "axis": "y", "origin": [7, 0, 7]},
			"faces": {
				"north": {"uv": [2, 4, 4, 7], "texture": "#2"},
				"east": {"uv": [4, 4, 6, 7], "texture": "#2"},
				"south": {"uv": [6, 0, 8, 3], "texture": "#2"},
				"west": {"uv": [6, 3, 8, 6], "texture": "#2"},
				"up": {"uv": [8, 8, 6, 6], "texture": "#2"},
				"down": {"uv": [4, 7, 2, 9], "texture": "#2"}
			}
		},
		{
			"from": [6, 0, 7],
			"to": [10, 1, 9],
			"rotation": {"angle": 0, "axis": "y", "origin": [8, 0, 7]},
			"faces": {
				"north": {"uv": [8, 0, 12, 1], "texture": "#2"},
				"east": {"uv": [4, 7, 6, 8], "texture": "#2"},
				"south": {"uv": [8, 1, 12, 2], "texture": "#2"},
				"west": {"uv": [0, 8, 2, 9], "texture": "#2"},
				"up": {"uv": [4, 2, 0, 0], "texture": "#2"},
				"down": {"uv": [4, 2, 0, 4], "texture": "#2"}
			}
		},
		{
			"from": [7, 0, 6],
			"to": [9, 1, 10],
			"rotation": {"angle": 0, "axis": "y", "origin": [7, 0, 8]},
			"faces": {
				"north": {"uv": [4, 8, 6, 9], "texture": "#2"},
				"east": {"uv": [8, 2, 12, 3], "texture": "#2"},
				"south": {"uv": [8, 4, 10, 5], "texture": "#2"},
				"west": {"uv": [8, 3, 12, 4], "texture": "#2"},
				"up": {"uv": [2, 8, 0, 4], "texture": "#2"},
				"down": {"uv": [6, 0, 4, 4], "texture": "#2"}
			}
		},
		{
			"name": "alt 2",
			"from": [8, 1, 8],
			"to": [10, 3, 10],
			"rotation": {"angle": 0, "axis": "y", "origin": [8, 1, 8]},
			"faces": {
				"north": {"uv": [4, 2, 6, 4], "texture": "#1"},
				"east": {"uv": [0, 2, 2, 4], "texture": "#1"},
				"south": {"uv": [2, 0, 4, 2], "texture": "#1"},
				"west": {"uv": [2, 4, 4, 6], "texture": "#1"},
				"up": {"uv": [4, 4, 2, 2], "texture": "#1"},
				"down": {"uv": [4, 6, 2, 8], "texture": "#1"}
			}
		},
		{
			"name": "alt 2",
			"from": [6, 0, 4],
			"to": [8, 2, 6],
			"rotation": {"angle": 0, "axis": "y", "origin": [6, 0, 4]},
			"faces": {
				"north": {"uv": [4, 2, 6, 4], "texture": "#1"},
				"east": {"uv": [0, 2, 2, 4], "texture": "#1"},
				"south": {"uv": [2, 0, 4, 2], "texture": "#1"},
				"west": {"uv": [2, 4, 4, 6], "texture": "#1"},
				"up": {"uv": [4, 4, 2, 2], "texture": "#1"},
				"down": {"uv": [4, 6, 2, 8], "texture": "#1"}
			}
		},
		{
			"name": "alt 2",
			"from": [10, 0, 6],
			"to": [12, 2, 8],
			"rotation": {"angle": 0, "axis": "y", "origin": [10, 0, 6]},
			"faces": {
				"north": {"uv": [4, 2, 6, 4], "texture": "#1"},
				"east": {"uv": [0, 2, 2, 4], "texture": "#1"},
				"south": {"uv": [2, 0, 4, 2], "texture": "#1"},
				"west": {"uv": [2, 4, 4, 6], "texture": "#1"},
				"up": {"uv": [4, 4, 2, 2], "texture": "#1"},
				"down": {"uv": [4, 6, 2, 8], "texture": "#1"}
			}
		},
		{
			"name": "alt 3",
			"from": [5, 0, 6],
			"to": [7, 3, 8],
			"rotation": {"angle": 0, "axis": "y", "origin": [7, 0, 6]},
			"faces": {
				"north": {"uv": [0, 0, 3, 2], "rotation": 90, "texture": "#0"},
				"east": {"uv": [6, 2, 3, 4], "rotation": 270, "texture": "#0"},
				"south": {"uv": [0, 2, 3, 4], "rotation": 270, "texture": "#0"},
				"west": {"uv": [6, 2, 3, 0], "rotation": 270, "texture": "#0"},
				"up": {"uv": [6, 3, 8, 5], "rotation": 270, "texture": "#0"},
				"down": {"uv": [6, 5, 8, 7], "rotation": 270, "texture": "#0"}
			}
		},
		{
			"from": [4, 0, 6],
			"to": [7, 2, 8],
			"rotation": {"angle": 0, "axis": "y", "origin": [7, 0, 6]},
			"faces": {
				"north": {"uv": [0, 4, 2, 7], "rotation": 90, "texture": "#0"},
				"east": {"uv": [4, 7, 2, 9], "rotation": 270, "texture": "#0"},
				"south": {"uv": [4, 4, 6, 7], "rotation": 270, "texture": "#0"},
				"west": {"uv": [2, 9, 0, 7], "rotation": 270, "texture": "#0"},
				"up": {"uv": [2, 4, 4, 7], "rotation": 270, "texture": "#0"},
				"down": {"uv": [6, 0, 8, 3], "rotation": 270, "texture": "#0"}
			}
		},
		{
			"from": [4, -1, 9],
			"to": [6, 2, 11],
			"rotation": {"angle": 0, "axis": "y", "origin": [4, 0, 9]},
			"faces": {
				"north": {"uv": [2, 4, 4, 7], "texture": "#2"},
				"east": {"uv": [4, 4, 6, 7], "texture": "#2"},
				"south": {"uv": [6, 0, 8, 3], "texture": "#2"},
				"west": {"uv": [6, 3, 8, 6], "texture": "#2"},
				"up": {"uv": [8, 8, 6, 6], "texture": "#2"},
				"down": {"uv": [4, 7, 2, 9], "texture": "#2"}
			}
		},
		{
			"from": [3, 0, 9],
			"to": [7, 1, 11],
			"rotation": {"angle": 0, "axis": "y", "origin": [5, 0, 9]},
			"faces": {
				"north": {"uv": [8, 0, 12, 1], "texture": "#2"},
				"east": {"uv": [4, 7, 6, 8], "texture": "#2"},
				"south": {"uv": [8, 1, 12, 2], "texture": "#2"},
				"west": {"uv": [0, 8, 2, 9], "texture": "#2"},
				"up": {"uv": [4, 2, 0, 0], "texture": "#2"},
				"down": {"uv": [4, 2, 0, 4], "texture": "#2"}
			}
		},
		{
			"from": [4, 0, 8],
			"to": [6, 1, 12],
			"rotation": {"angle": 0, "axis": "y", "origin": [4, 0, 10]},
			"faces": {
				"north": {"uv": [4, 8, 6, 9], "texture": "#2"},
				"east": {"uv": [8, 2, 12, 3], "texture": "#2"},
				"south": {"uv": [8, 4, 10, 5], "texture": "#2"},
				"west": {"uv": [8, 3, 12, 4], "texture": "#2"},
				"up": {"uv": [2, 8, 0, 4], "texture": "#2"},
				"down": {"uv": [6, 0, 4, 4], "texture": "#2"}
			}
		},
		{
			"name": "alt 3",
			"from": [10, 0, 8],
			"to": [12, 3, 10],
			"rotation": {"angle": 0, "axis": "y", "origin": [10, 0, 8]},
			"faces": {
				"north": {"uv": [6, 2, 3, 4], "rotation": 270, "texture": "#0"},
				"east": {"uv": [0, 2, 3, 4], "rotation": 270, "texture": "#0"},
				"south": {"uv": [6, 2, 3, 0], "rotation": 270, "texture": "#0"},
				"west": {"uv": [0, 0, 3, 2], "rotation": 90, "texture": "#0"},
				"up": {"uv": [6, 3, 8, 5], "rotation": 180, "texture": "#0"},
				"down": {"uv": [6, 5, 8, 7], "texture": "#0"}
			}
		},
		{
			"from": [10, 0, 8],
			"to": [12, 2, 11],
			"rotation": {"angle": 0, "axis": "y", "origin": [10, 0, 8]},
			"faces": {
				"north": {"uv": [4, 7, 2, 9], "rotation": 270, "texture": "#0"},
				"east": {"uv": [4, 4, 6, 7], "rotation": 270, "texture": "#0"},
				"south": {"uv": [2, 9, 0, 7], "rotation": 270, "texture": "#0"},
				"west": {"uv": [0, 4, 2, 7], "rotation": 90, "texture": "#0"},
				"up": {"uv": [2, 4, 4, 7], "rotation": 180, "texture": "#0"},
				"down": {"uv": [6, 0, 8, 3], "texture": "#0"}
			}
		}
	],
	"groups": [
		{
			"name": "alt 3",
			"origin": [7, 0, 7],
			"color": 0,
			"children": [0, 1]
		},
		{
			"name": "alt 1",
			"origin": [6, 1, 8],
			"color": 0,
			"children": [2, 3, 4]
		},
		5,
		6,
		7,
		{
			"name": "alt 3",
			"origin": [7, 0, 7],
			"color": 0,
			"children": [8, 9]
		},
		{
			"name": "alt 1",
			"origin": [6, 1, 8],
			"color": 0,
			"children": [10, 11, 12]
		},
		{
			"name": "alt 3",
			"origin": [7, 0, 7],
			"color": 0,
			"children": [13, 14]
		}
	]
}