{
	"credit": "Made with Blockbench",
	"texture_size": [32, 32],
	"textures": {
		"0": "produce/apple",
		"particle": "produce/apple"
	},
	"elements": [
		{
			"from": [7.29289, 4.5, 7.58579],
			"to": [9.29289, 6.5, 7.58579],
			"rotation": {"angle": 0, "axis": "z", "origin": [8, 4.5, 8]},
			"faces": {
				"north": {"uv": [3, 5, 4, 6], "texture": "#0"},
				"east": {"uv": [0, 0, 0, 1], "texture": "#0"},
				"south": {"uv": [3, 5, 4, 6], "rotation": 90, "texture": "#0"},
				"west": {"uv": [0, 0, 0, 1], "texture": "#0"},
				"up": {"uv": [1, 0, 0, 0], "texture": "#0"},
				"down": {"uv": [1, 0, 0, 0], "texture": "#0"}
			}
		},
		{
			"from": [6.5, -0.5, 6.5],
			"to": [9.5, 3.5, 9.5],
			"rotation": {"angle": 0, "axis": "z", "origin": [8, 4.5, 8]},
			"faces": {
				"north": {"uv": [0, 4.5, 1.5, 6.5], "texture": "#0"},
				"east": {"uv": [0, 4.5, 1.5, 6.5], "texture": "#0"},
				"south": {"uv": [0, 4.5, 1.5, 6.5], "texture": "#0"},
				"west": {"uv": [0, 4.5, 1.5, 6.5], "texture": "#0"},
				"up": {"uv": [1.5, 8, 0, 6.5], "rotation": 90, "texture": "#0"},
				"down": {"uv": [8, 0, 6.5, 1.5], "rotation": 270, "texture": "#0"}
			}
		},
		{
			"from": [5.5, 0.5, 6.5],
			"to": [10.5, 3.5, 9.5],
			"rotation": {"angle": 0, "axis": "z", "origin": [8, 4.5, 8]},
			"faces": {
				"north": {"uv": [0, 0, 2.5, 1.5], "texture": "#0"},
				"east": {"uv": [6.5, 1.5, 8, 3], "texture": "#0"},
				"south": {"uv": [0, 0, 2.5, 1.5], "texture": "#0"},
				"west": {"uv": [6.5, 1.5, 8, 3], "texture": "#0"},
				"up": {"uv": [4, 2.5, 2.5, 0], "rotation": 90, "texture": "#0"},
				"down": {"uv": [4, 2.5, 2.5, 5], "rotation": 270, "texture": "#0"}
			}
		},
		{
			"from": [6.5, 0.5, 5.5],
			"to": [9.5, 3.5, 10.5],
			"rotation": {"angle": 0, "axis": "z", "origin": [8, 4.5, 8]},
			"faces": {
				"north": {"uv": [6.5, 1.5, 8, 3], "texture": "#0"},
				"east": {"uv": [0, 0, 2.5, 1.5], "texture": "#0"},
				"south": {"uv": [6.5, 1.5, 8, 3], "texture": "#0"},
				"west": {"uv": [0, 0, 2.5, 1.5], "texture": "#0"},
				"up": {"uv": [6.5, 3, 4, 1.5], "rotation": 90, "texture": "#0"},
				"down": {"uv": [6.5, 3, 4, 4.5], "rotation": 270, "texture": "#0"}
			}
		},
		{
			"from": [6.5, 3.5, 7.5],
			"to": [8.5, 4.5, 9.5],
			"rotation": {"angle": 0, "axis": "z", "origin": [8, 4.5, 8]},
			"faces": {
				"north": {"uv": [0, 8, 1, 8.5], "texture": "#0"},
				"east": {"uv": [1.5, 4.5, 2.5, 5], "texture": "#0"},
				"south": {"uv": [0, 8, 1, 8.5], "texture": "#0"},
				"west": {"uv": [6, 7.5, 7, 8], "texture": "#0"},
				"up": {"uv": [2.5, 8, 1.5, 7], "rotation": 90, "texture": "#0"},
				"down": {"uv": [8, 4.5, 7, 5.5], "rotation": 270, "texture": "#0"}
			}
		},
		{
			"from": [7.5, 3.5, 6.5],
			"to": [9.5, 4.5, 8.5],
			"rotation": {"angle": 0, "axis": "z", "origin": [8, 4.5, 8]},
			"faces": {
				"north": {"uv": [0, 8, 1, 8.5], "texture": "#0"},
				"east": {"uv": [0, 8, 1, 8.5], "texture": "#0"},
				"south": {"uv": [0, 8, 1, 8.5], "texture": "#0"},
				"west": {"uv": [0, 8, 1, 8.5], "texture": "#0"},
				"up": {"uv": [8, 6.5, 7, 5.5], "rotation": 90, "texture": "#0"},
				"down": {"uv": [8, 6.5, 7, 7.5], "rotation": 270, "texture": "#0"}
			}
		}
	],
	"groups": [
		{
			"name": "apple",
			"origin": [6, 4, 4],
			"color": 0,
			"children": [0, 1, 2, 3, 4, 5]
		}
	]
}